"key","where","en","ru","kk","source","notes"
"action.ask_proctor","student app","Ask proctor","Спросить проктора","Проктордан сұрау","figma","Shared: +55% RU. Used on 1.3 and 2.1 to 2.3."
"action.cancel","student app","Cancel","Отмена","Болдырмау","figma","Shared: +50% KZ"
"action.continue","student app","Continue","Продолжить","Жалғастыру","figma","Shared"
"app.name","student app","Üki","Üki","Üki","added","Shared: The title bar before a join (frame 1.1, 51:2058) and the app window on E.3 (95:9379). The product name reads the same in every language."
"app.title","student app","Üki · {course} · {examType}","Üki · {course} · {examType}","Üki · {course} · {examType}","figma","Shared: Value. Course name comes from the exam. Exam type is its own key. The apps use it as app.title.default."
"app.title.ended","student app","Üki · {course} · {examType} · ended by proctor","Üki · {course} · {examType} · завершено проктором","Üki · {course} · {examType} · проктор аяқтады","added","2.1d Ended by proctor: Value. From frame 2.1d."
"app.title.locked","student app","Üki · {course} · {examType} · browser locked","Üki · {course} · {examType} · браузер заблокирован","Üki · {course} · {examType} · браузер құлыпталған","figma","Shared: Value"
"app.title.offline","student app","Üki · {course} · {examType} · browser locked · offline","Üki · {course} · {examType} · браузер заблокирован · нет сети","Üki · {course} · {examType} · браузер құлыпталған · желі жоқ","added","2.1a Offline: Value. From frame 2.1a."
"app.title.offline_unlocked","student app","Üki · {course} · {examType} · offline","Üki · {course} · {examType} · нет сети","Üki · {course} · {examType} · желі жоқ","added-not-in-figma","2.1a Offline: Value. Offline in an exam whose browser is not locked (no Üki Lock); frame 2.1a draws only the locked variant, app.title.offline. Kazakh and Russian are a first pass: a native speaker must review them."
"app.title.proctor_paused","student app","Üki · {course} · {examType} · paused by proctor","Üki · {course} · {examType} · пауза от проктора","Üki · {course} · {examType} · проктор тоқтатты","added","2.1c Paused by proctor: Value. From frame 2.1c."
"app.title.submitted","student app","Üki · {course} · {examType} · submitted","Üki · {course} · {examType} · сдано","Üki · {course} · {examType} · тапсырылды","figma","Shared: Value"
"check.again","student app","Check again","Проверить снова","Қайта тексеру","figma","1.2 System check: +36% RU"
"check.apps.fail","student app","{app} is open. Close it to continue.","Открыт {app}. Закройте его, чтобы продолжить.","{app} ашық. Жалғастыру үшін оны жабыңыз.","figma","1.2 System check: Value. {app} is the process name, like Telegram."
"check.apps.title","student app","Other apps","Другие приложения","Басқа қолданбалар","figma","1.2 System check: +70% KZ"
"check.browser.fail","student app","Pair Üki Lock to continue.","Чтобы продолжить, подключите Üki Lock.","Жалғастыру үшін Üki Lock-ты жұптастырыңыз.","added-not-in-figma","Check failures: 1.2 has no failure frame for this row."
"check.browser.ok","student app","Üki can close other tabs during the exam.","Во время экзамена Üki может закрыть другие вкладки.","Емтихан кезінде Üki басқа беттерді жаба алады.","figma","1.2 System check"
"check.browser.title","student app","Browser lock","Блокировка браузера","Браузер құлпы","figma","1.2 System check: +58% RU"
"check.camera.fail","student app","No camera picture. Close other apps that use the camera.","Нет изображения с камеры. Закройте приложения, которые её используют.","Камерадан сурет жоқ. Камераны пайдаланатын басқа қолданбаларды жабыңыз.","added-not-in-figma","Check failures: 1.2 has no failure frame for this row."
"check.camera.ok","student app","One face, good light, lens not covered.","Одно лицо, хороший свет, объектив открыт.","Бір бет, жарық жақсы, объектив ашық.","figma","1.2 System check"
"check.camera.title","student app","Camera","Камера","Камера","figma","1.2 System check"
"check.network.fail","student app","The exam server does not reply.","Сервер экзамена не отвечает.","Емтихан сервері жауап бермейді.","added-not-in-figma","Check failures: 1.2 has no failure frame for this row."
"check.network.ok","student app","Exam server replies in {ms} ms.","Сервер экзамена отвечает за {ms} мс.","Емтихан сервері {ms} мс ішінде жауап береді.","figma","1.2 System check: Value. +42% KZ"
"check.network.title","student app","Network","Сеть","Желі","figma","1.2 System check"
"check.preview.badge","student app","LIVE · LOCAL","КАМЕРА · ЛОКАЛЬНО","КАМЕРА · ЖЕРГІЛІКТІ","figma","1.2 System check: +58% KZ. KZ and RU say “camera”: “live” reads as broadcasting."
"check.preview.caption","student app","This preview never leaves your laptop.","Это изображение не покидает ваш ноутбук.","Бұл көрініс ноутбугыңыздан шықпайды.","figma","1.2 System check"
"check.preview.status","student app","{count, plural, one {# face} other {# faces}} · good light","{count, plural, one {# лицо} few {# лица} many {# лиц} other {# лица}} · свет хороший","{count} бет · жарық жақсы","figma","1.2 System check: Value. ICU plural. Figma: {count} face · good light."
"check.screen.fail","student app","{app} is running. Close it to continue.","Запущен {app}. Закройте его, чтобы продолжить.","{app} іске қосулы. Жалғастыру үшін оны жабыңыз.","added-not-in-figma","Check failures: Value. 1.2 has no failure frame for this row."
"check.screen.ok","student app","No screen sharing or remote desktop running.","Демонстрация экрана и удалённый доступ не запущены.","Экранды бөлісу мен қашықтан басқару қосылмаған.","figma","1.2 System check"
"check.screen.title","student app","Screen sharing","Демонстрация экрана","Экранды бөлісу","figma","1.2 System check: +36% RU. Also the row title in E.4."
"check.storage.fail","student app","Free at least 1 GB to continue.","Освободите не менее 1 ГБ, чтобы продолжить.","Жалғастыру үшін кемінде 1 ГБ орын босатыңыз.","added-not-in-figma","Check failures: 1.2 has no failure frame for this row."
"check.storage.ok","student app","{free} GB free.","Свободно {free} ГБ.","{free} ГБ бос.","added-not-in-figma","Check failures: Value. 1.2 shows only the running state."
"check.storage.running","student app","Checking free space for local evidence…","Проверяем свободное место на диске…","Дискідегі бос орын тексерілуде…","figma","1.2 System check"
"check.storage.title","student app","Storage","Диск","Диск","figma","1.2 System check"
"check.subtitle","student app","Fix anything red, then check again.","Исправьте всё красное и проверьте снова.","Қызылмен белгіленгенді түзетіп, қайта тексеріңіз.","figma","1.2 System check: +40% KZ"
"check.title","student app","System check","Проверка системы","Жүйені тексеру","figma","1.2 System check: +33% RU"
"check.version.ok","student app","{version} is the latest. No update needed.","{version} — последняя версия. Обновлять не нужно.","{version} — соңғы нұсқа. Жаңарту керек емес.","figma","1.2 System check: Value"
"check.version.title","student app","Üki version","Версия Üki","Üki нұсқасы","figma","1.2 System check"
"done.body","student app","Your answers are in.","Ваши ответы приняты.","Жауаптарыңыз қабылданды.","figma","3.1 Submitted"
"done.close","student app","Close Üki","Закрыть Üki","Üki-ді жабу","figma","3.1 Submitted"
"done.flags","student app","Flags","Отметки","Белгілер","figma","3.1 Submitted: +60% KZ. Renamed to done.flags.label in code."
"done.flags.value","student app","{count} · a person will review {count, plural, one {it} other {them}}","{count} · {count, plural, one {её проверит человек} other {их проверит человек}}","{count} · {count, plural, one {оны адам қарап шығады} other {оларды адам қарап шығады}}","figma","3.1 Submitted: Value. ICU plural. More than one: “them”, “оларды”, “их”."
"done.receipt","student app","Receipt","Квитанция","Түбіртек","figma","3.1 Submitted: The eyebrow shows it in caps."
"done.save","student app","Save receipt","Сохранить квитанцию","Түбіртекті сақтау","figma","3.1 Submitted: +58% RU"
"done.submitted","student app","Submitted","Сдано","Тапсырылды","figma","3.1 Submitted: Renamed to done.submitted.label in code."
"done.submitted.value","student app","{time} · {date}","{time} · {date}","{time} · {date}","figma","3.1 Submitted: Value. Locale date: Fri 9 Oct · жм, 9 қаз · пт, 9 окт"
"done.time_used","student app","Time used","Затрачено","Жұмсалған уақыт","figma","3.1 Submitted: +67% KZ. Renamed to done.time_used.label in code."
"done.time_used.value","student app","{used} of {total} min","{used} из {total} мин","{used} / {total} мин","figma","3.1 Submitted: Value"
"done.title","student app","Submitted.","Сдано.","Тапсырылды.","figma","3.1 Submitted"
"ended.answered.title","student app","Answered","Отвечено","Жауап берілді","added","2.1d Ended by proctor: From frame 2.1d."
"ended.answered.value","student app","{answered} of {total, plural, one {# question} other {# questions}}","{answered} {total, plural, one {из # вопроса} other {из # вопросов}}","{answered} / {total} сұрақ","added","2.1d Ended by proctor: Value. ICU plural. From frame 2.1d."
"ended.body","student app","{proctor} ended your session at {time}. Answers up to then are saved. The exam office reviews what happened.","{proctor} завершил(а) вашу сессию в {time}. Ответы до этого момента сохранены. Экзаменационный отдел рассмотрит ситуацию.","{proctor} сессияңызды {time} кезінде аяқтады. Осы уақытқа дейінгі жауаптар сақталды. Емтихан бөлімі не болғанын қарайды.","added","2.1d Ended by proctor: Value. From frame 2.1d."
"ended.contact","student app","Think this is a mistake? Write to the exam office at {email}.","Считаете, что это ошибка? Напишите в экзаменационный отдел: {email}.","Қате деп ойлайсыз ба? Емтихан бөліміне жазыңыз: {email}.","added","2.1d Ended by proctor: Value. From frame 2.1d. The email comes from the workspace."
"ended.label","student app","Ended","Завершено","Аяқталды","added","2.1d Ended by proctor: Receipt row. From frame 2.1d."
"ended.reason.proctor","student app","Ended by proctor","Завершено проктором","Проктор аяқтады","added","2.1d Ended by proctor: From frame 2.1d."
"ended.reason.title","student app","Reason","Причина","Себебі","added","2.1d Ended by proctor: From frame 2.1d."
"ended.title","student app","Your exam was ended.","Ваш экзамен завершён.","Емтиханыңыз аяқталды.","added","2.1d Ended by proctor: From frame 2.1d."
"event.browser_locked","student app","Browser locked · {count, plural, one {# tab} other {# tabs}} closed","Браузер заблокирован · {count, plural, one {закрыта # вкладка} few {закрыто # вкладки} many {закрыто # вкладок} other {закрыто # вкладки}}","Браузер құлыпталды · {count} бет жабылды","figma","2.1 Exam: Value. ICU plural."
"event.exam_started","student app","Exam started","Экзамен начался","Емтихан басталды","figma","2.1 Exam: +33% KZ"
"event.face_matched","student app","Face matched at check-in","Лицо сверено при входе","Кіру кезінде бет сәйкестендірілді","figma","2.1 Exam: +38% KZ"
"event.network_lost.detail","student app","Answers and events wait on this laptop","Ответы и события ждут на ноутбуке","Жауаптар мен оқиғалар осы ноутбукта күтіп тұр","added","2.1a Offline: From frame 2.1a."
"event.network_lost.title","student app","Network lost","Сеть потеряна","Желі үзілді","added","2.1a Offline: From frame 2.1a."
"event.no_face","student app","No face in frame","Нет лица в кадре","Кадрда бет жоқ","figma","2.2 Phone warning and 2.3 Paused"
"event.on_screen","student app","On screen","На экране","Экранда","figma","2.1 Exam"
"event.paused.detail","student app","Session paused · timer stopped","Сессия на паузе · таймер остановлен","Сессия тоқтады · таймер тоқтатылды","figma","2.2 Phone warning and 2.3 Paused"
"event.phone","student app","Phone in frame","Телефон в кадре","Кадрда телефон","figma","2.2 Phone warning and 2.3 Paused: Renamed to event.phone.title in code."
"event.phone.detail","student app","Confidence {confidence, number, ::.00} · frame kept as evidence","Уверенность {confidence, number, ::.00} · кадр сохранён","Сенімділік {confidence, number, ::.00} · кадр сақталды","figma","2.2 Phone warning and 2.3 Paused: Value. KZ and RU write decimals with a comma: 0,94."
"event.proctor_paused.detail","student app","Timer stopped until your proctor resumes","Таймер остановлен, пока проктор не продолжит","Проктор жалғастырғанша таймер тоқтатулы","added-not-in-figma","2.1c Paused by proctor: Frame 2.1c says “until she resumes”; reworded so it fits any proctor."
"event.proctor_paused.title","student app","Paused by {proctor}","Пауза: {proctor}","{proctor} тоқтатты","added","2.1c Paused by proctor: Value. From frame 2.1c."
"event.question_saved","student app","Question {n} saved","Вопрос {n} сохранён","{n}-сұрақ сақталды","figma","2.1 Exam: Value"
"event.stored_locally","student app","Stored on this laptop","Хранится на ноутбуке","Осы ноутбукта сақталған","figma","2.1 Exam"
"event.time_added.detail","student app","By {proctor} · ends {time}","{proctor} · окончание в {time}","{proctor} · аяқталуы {time}","added","2.1e Message and new end time: Value. From frame 2.1e."
"event.time_added.title","student app","Time added · +{minutes} min","Добавлено время · +{minutes} мин","Уақыт қосылды · +{minutes} мин","added","2.1e Message and new end time: Value. From frame 2.1e."
"exam.back","student app","Back","Назад","Артқа","figma","2.1 Exam"
"exam.camera.faces","student app","{count, plural, one {# face} other {# faces}}","{count, plural, one {# лицо} few {# лица} many {# лиц} other {# лица}}","{count} бет","figma","2.1 Exam: Value. ICU plural. Figma: {count} face."
"exam.camera.no_face","student app","no face","нет лица","бет жоқ","figma","2.2 Phone warning and 2.3 Paused"
"exam.counter","student app","Question {n} of {total}","Вопрос {n} из {total}","Сұрақ {n} / {total}","figma","2.1 Exam: Value"
"exam.log.title","student app","This session","Эта сессия","Бұл сессия","figma","2.1 Exam"
"exam.next","student app","Next question","Следующий вопрос","Келесі сұрақ","figma","2.1 Exam"
"exam.offline.status","student app","saving on this laptop · {elapsed}","сохраняется на ноутбуке · {elapsed}","осы ноутбукта сақталуда · {elapsed}","added","2.1a Offline: Value. From frame 2.1a."
"exam.offline.status_title","student app","Offline","Нет сети","Желі жоқ","added","2.1a Offline: From frame 2.1a."
"exam.option","student app","Option {letter}","Вариант {letter}","{letter} нұсқасы","figma","2.1 Exam: Value"
"exam.paused.body","student app","No face in the frame. Come back to the camera and your time continues.","Лица нет в кадре. Вернитесь к камере, и время пойдёт дальше.","Кадрда бет жоқ. Камераға оралыңыз, уақыт әрі қарай жүреді.","figma","2.2 Phone warning and 2.3 Paused"
"exam.paused.resume","student app","I’m here","Я здесь","Мен осындамын","figma","2.2 Phone warning and 2.3 Paused: +63% KZ"
"exam.paused.status","student app","no face in frame","нет лица в кадре","кадрда бет жоқ","figma","2.2 Phone warning and 2.3 Paused"
"exam.paused.status_title","student app","Paused","Пауза","Үзіліс","figma","2.2 Phone warning and 2.3 Paused"
"exam.paused.timer","student app","Paused for {duration}","Пауза: {duration}","Үзіліс: {duration}","figma","2.2 Phone warning and 2.3 Paused: Value"
"exam.paused.title","student app","Paused.","Пауза.","Үзіліс.","figma","2.2 Phone warning and 2.3 Paused"
"exam.phone.status","student app","phone in frame · {confidence, number, ::.00}","телефон в кадре · {confidence, number, ::.00}","кадрда телефон · {confidence, number, ::.00}","figma","2.2 Phone warning and 2.3 Paused: Value. KZ and RU write decimals with a comma: 0,94. The number skeleton does that per locale."
"exam.phone.title","student app","Phone found","Телефон обнаружен","Телефон табылды","figma","2.2 Phone warning and 2.3 Paused: +55% RU"
"exam.phone.toast","student app","Phone in frame. Put it away.","Телефон в кадре. Уберите его.","Кадрда телефон бар. Оны алып қойыңыз.","figma","2.2 Phone warning and 2.3 Paused: +32% KZ"
"exam.proctor_paused.status","student app","timer stopped · {elapsed}","таймер остановлен · {elapsed}","таймер тоқтады · {elapsed}","added","2.1c Paused by proctor: Value. From frame 2.1c."
"exam.proctor_paused.status_title","student app","Paused by proctor","Пауза от проктора","Проктор тоқтатты","added","2.1c Paused by proctor: From frame 2.1c."
"exam.questions.failed","student app","The questions did not load. Check your connection or ask your proctor.","Вопросы не загрузились. Проверьте подключение или спросите проктора.","Сұрақтар жүктелмеді. Желіні тексеріңіз немесе проктордан сұраңыз.","added-not-in-figma","2.1 Exam additions: Title of the Error banner above the question on 2.1 when join_exam has not returned the questions after its retries (2, 4, 8 and 16 s) or refused in a way that will not pass soon. Its action is Check again (check.again); the app also tries again every 30 s. No frame shows it. Kazakh and Russian are a first pass: a native speaker must review them."
"exam.saved","student app","Saved on this laptop · {time}","Сохранено на ноутбуке · {time}","Осы ноутбукта сақталды · {time}","figma","2.1 Exam: Value"
"exam.saved_offline","student app","Saved on this laptop · {time} · syncs when online","Сохранено на ноутбуке · {time} · отправится при подключении","Осы ноутбукта сақталды · {time} · желі пайда болғанда жіберіледі","added","2.1a Offline: Value. From frame 2.1a."
"exam.submit","student app","Submit","Сдать","Тапсыру","added-not-in-figma","2.1 Exam additions: Replaces Next question on the last question. No frame shows it yet."
"exam.timer.added","student app","left · +{minutes} min","осталось · +{minutes} мин","қалды · +{minutes} мин","added","2.1e Message and new end time: Value. From frame 2.1e."
"exam.timer.left","student app","left","осталось","қалды","figma","2.1 Exam: +100% RU. Follows the timer: 42:17 left."
"exam.toast.flag","student app","flag","отметка","белгі","figma","2.2 Phone warning and 2.3 Paused: +75% RU"
"exam.type.midterm","student app","Midterm","Рубежный контроль","Аралық бақылау","figma","Shared: +143% RU"
"exam.watch.status","student app","eyes on screen · {elapsed}","взгляд на экране · {elapsed}","көз экранда · {elapsed}","figma","2.1 Exam: Value"
"exam.watch.title","student app","Watching","Наблюдение","Бақылауда","figma","2.1 Exam"
"identity.caption","student app","The card and your face are compared on this laptop. Nothing is uploaded.","Билет и лицо сравниваются на этом ноутбуке. Ничего не загружается.","Билет пен бетіңіз осы ноутбукта салыстырылады. Ештеңе жүктелмейді.","figma","1.3 Identity"
"identity.card.failed","student app","Couldn’t read the card · {n} of {total} tries","Билет не прочитан · попытка {n} из {total}","Билет оқылмады · {n} / {total} әрекет","figma","1.3 Identity: Value. Frame 1.3a."
"identity.card.running","student app","Reading the card… keep it still.","Читаем билет… не двигайте его.","Билет оқылуда… қозғалтпаңыз.","figma","1.3 Identity"
"identity.card.title","student app","Student card","Студенческий билет","Студенттік билет","figma","1.3 Identity: +50% RU"
"identity.face.fail","student app","Doesn’t match the photo on your card yet.","Пока не совпадает с фото на билете.","Билеттегі фотоға әзірге сәйкес келмейді.","added-not-in-figma","Check failures: 1.3 has no failure frame for this row. The face is matched to the card photo."
"identity.face.ok","student app","Matches the photo on your card.","Совпадает с фото на билете.","Билеттегі фотоға сәйкес.","figma","1.3 Identity: Figma says “Matches your enrolment photo.”; the face is matched to the card photo, so the catalog wins."
"identity.face.title","student app","Face","Лицо","Бет","figma","1.3 Identity"
"identity.help.body","student app","Üki couldn’t read the card after {tries, plural, one {# try} other {# tries}}. Your proctor is joining this check.","Üki не смог прочитать билет за {tries, plural, one {# попытку} few {# попытки} many {# попыток} other {# попытки}}. Проктор подключается к проверке.","Üki билетті {tries} әрекеттен кейін оқи алмады. Проктор тексеруге қосылуда.","figma","1.3 Identity: Value. ICU plural. Frame 1.3a."
"identity.help.hint","student app","Hold still for your proctor","Не двигайтесь, проктор проверяет","Проктор үшін қозғалмаңыз","figma","1.3 Identity: Frame 1.3a."
"identity.help.privacy","student app","{proctor} sees your step and device, never the photo. Stay in front of the camera.","{proctor} видит ваш шаг и устройство, но не фото. Оставайтесь перед камерой.","{proctor} фотоны көрмейді, тек қадамыңыз бен құрылғыңызды көреді. Камера алдында қалыңыз.","figma","1.3 Identity: Value. Frame 1.3a. The frame itself says “Üki tries again while she helps.”; the catalog wins."
"identity.help.requested","student app","Help requested at {time}","Помощь запрошена в {time}","Көмек сұралды: {time}","figma","1.3 Identity: Value. Frame 1.3a."
"identity.help.title","student app","Your proctor will help.","Проктор поможет.","Проктор көмектеседі.","figma","1.3 Identity: Frame 1.3a."
"identity.help.waiting","student app","Waiting for {proctor}","Ожидание: {proctor}","{proctor} күтілуде","figma","1.3 Identity: Value. Russian avoids declining the name. Also used on 2.1c."
"identity.hint","student app","Hold your student card inside the lime frame","Держите студенческий билет в зелёной рамке","Студенттік билетті жасыл жиек ішінде ұстаңыз","figma","1.3 Identity"
"identity.person.fail","student app","More than one person in the frame.","В кадре больше одного человека.","Кадрда бірнеше адам бар.","added-not-in-figma","Check failures: 1.3 has no failure frame for this row."
"identity.person.ok","student app","Only you are in the frame.","В кадре только вы.","Кадрда тек сіз барсыз.","figma","1.3 Identity"
"identity.person.title","student app","One person","Один человек","Бір адам","figma","1.3 Identity"
"identity.privacy","student app","Your proctor only sees “matched” or “needs help”, never the photo.","Проктор видит только «совпало» или «нужна помощь», но не фото.","Проктор фотоны көрмейді, тек «сәйкес» немесе «көмек керек» деп көреді.","figma","1.3 Identity"
"identity.subtitle","student app","Once, before the start. Üki checks that the card and your face match.","Один раз, перед началом. Üki сверит билет с вашим лицом.","Бір рет, басталар алдында. Üki билет пен бетіңіздің сәйкестігін тексереді.","figma","1.3 Identity"
"identity.title","student app","Show your student card.","Покажите студенческий билет.","Студенттік билетті көрсетіңіз.","figma","1.3 Identity: +30% KZ"
"join.body","student app","Enter the exam code from your invitation email and your student ID. Üki checks your laptop next.","Введите код экзамена из письма-приглашения и ID студента. Затем Üki проверит ваш ноутбук.","Шақыру хатындағы емтихан кодын және студенттік ID-ді енгізіңіз. Кейін Üki ноутбугыңызды тексереді.","figma","1.1 Join"
"join.code.format","student app","Codes have three parts: course, group and day, like MATH2-204-FRI.","Код состоит из трёх частей: курс, группа и день, например MATH2-204-FRI.","Код үш бөліктен тұрады: курс, топ және күн, мысалы MATH2-204-FRI.","figma","1.1 Join: Frame 1.1a."
"join.code.helper","student app","Not case sensitive. Ask your proctor if you lost it.","Регистр не важен. Потеряли код — спросите проктора.","Әріп өлшемі маңызды емес. Код жоқ болса, проктордан сұраңыз.","figma","1.1 Join: +33% KZ"
"join.code.label","student app","Exam code","Код экзамена","Емтихан коды","figma","1.1 Join: +33% KZ"
"join.error.already_joined","student app","This student ID is already in this exam on another laptop. Ask your proctor.","С этим ID студента уже вошли на экзамен с другого ноутбука. Спросите проктора.","Бұл студенттік ID-мен емтиханға басқа ноутбуктан кірген. Проктордан сұраңыз.","added-not-in-figma","1.1 Join: Under the student ID field when join_exam returns already_joined: another laptop holds this student’s session. 1.1 has no frame for it. Kazakh and Russian are a first pass: a native speaker must review them."
"join.error.body","student app","No exam has this code. Copy it from your invitation email.","Экзамена с таким кодом нет. Скопируйте его из письма-приглашения.","Бұл кодпен емтихан жоқ. Оны шақыру хатынан көшіріп алыңыз.","figma","1.1 Join: Frame 1.1a."
"join.error.lobby_closed","student app","This exam is not open to join now. Check the time in your invitation email.","Сейчас войти на этот экзамен нельзя. Проверьте время в письме-приглашении.","Бұл емтиханға қазір кіру мүмкін емес. Уақытын шақыру хатынан тексеріңіз.","added-not-in-figma","1.1 Join: Under the exam code field when join_exam returns lobby_closed: before the lobby opens or after the exam ends. 1.1 has no frame for it. Kazakh and Russian are a first pass: a native speaker must review them."
"join.error.network","student app","The exam server does not reply. Check your connection and try again.","Сервер экзамена не отвечает. Проверьте подключение и попробуйте снова.","Емтихан сервері жауап бермейді. Желіні тексеріп, қайталап көріңіз.","added-not-in-figma","1.1 Join: Under the exam code field when join_exam gets no reply. 1.1 has no frame for it. Kazakh and Russian are a first pass: a native speaker must review them."
"join.error.rate_limited","student app","Too many tries. Wait a minute and try again.","Слишком много попыток. Подождите минуту и попробуйте снова.","Әрекет тым көп. Бір минут күтіп, қайталап көріңіз.","added-not-in-figma","1.1 Join: Under the exam code field when join_exam returns rate_limited (10 tries a minute). 1.1 has no frame for it. Kazakh and Russian are a first pass: a native speaker must review them."
"join.error.title","student app","Check the code.","Проверьте код.","Кодты тексеріңіз.","figma","1.1 Join: Frame 1.1a."
"join.privacy","student app","Your camera stays on this laptop. Only events and flagged frames are sent.","Камера остаётся на этом ноутбуке. Передаются только события и отмеченные кадры.","Камера осы ноутбукта қалады. Тек оқиғалар мен белгіленген кадрлар жіберіледі.","figma","1.1 Join"
"join.step","student app","Step {n} of {total}","Шаг {n} из {total}","Қадам {n} / {total}","figma","1.1 Join: Value"
"join.student_id.helper","student app","8 digits, printed on your student card.","8 цифр, указаны на студенческом билете.","8 сан, студенттік билетіңізде жазылған.","figma","1.1 Join"
"join.student_id.label","student app","Student ID","ID студента","Студенттік ID","figma","1.1 Join: +30% KZ"
"join.title","student app","Join your exam.","Войдите на экзамен.","Емтиханға кіріңіз.","figma","1.1 Join"
"language.en","student app","ENG","ENG","ENG","figma","Shared: Language switch in the title bar on 1.1 and the student screens (App/Title bar 150:13352; frame 2.1 shows ҚАЗ, РУС, ENG). Every language shows the same three labels."
"language.kk","student app","ҚАЗ","ҚАЗ","ҚАЗ","figma","Shared: Language switch in the title bar on 1.1 and the student screens (App/Title bar 150:13352; frame 2.1 shows ҚАЗ, РУС, ENG). Every language shows the same three labels."
"language.ru","student app","РУС","РУС","РУС","figma","Shared: Language switch in the title bar on 1.1 and the student screens (App/Title bar 150:13352; frame 2.1 shows ҚАЗ, РУС, ENG). Every language shows the same three labels."
"lobby.countdown.body","student app","When the exam starts, Üki sits next to this window.","Когда экзамен начнётся, Üki будет рядом с этим окном.","Басталғанда Üki осы терезенің жанында болады.","figma","1.4 Rules and lobby"
"lobby.countdown.label","student app","Until the start","До начала экзамена","Емтихан басталғанша","figma","1.4 Rules and lobby"
"lobby.waiting","student app","Waiting for the start","Ждём начала","Басталуын күтеміз","figma","1.4 Rules and lobby"
"message.ack","student app","Got it","Понятно","Түсіндім","added","2.1e Message and new end time: From frame 2.1e."
"message.body","student app","“{text}”","«{text}»","«{text}»","added","2.1e Message and new end time: Value. The proctor’s own words, or a preset below."
"message.preset.camera_view","student app","Stay in camera view","Оставайтесь в кадре","Камера алдында болыңыз","added","2.1e Message and new end time: Preset from frame 2.4b."
"message.preset.phone_away","student app","Put the phone away","Уберите телефон","Телефонды алып қойыңыз","added","2.1e Message and new end time: Preset from frame 2.5, which shows all three languages."
"message.preset.phones_away","student app","Phones away, please","Уберите телефоны, пожалуйста","Телефондарды алып қойыңыз","added","2.1e Message and new end time: Preset from frame 2.4b."
"message.preset.time_15","student app","15 minutes left","Осталось 15 минут","15 минут қалды","added","2.1e Message and new end time: Preset from frame 2.4b."
"message.title","student app","Message from {proctor} · {time}","Сообщение: {proctor} · {time}","{proctor} хабарламасы · {time}","added","2.1e Message and new end time: Value. From frame 2.1e."
"offline.body","student app","Answers save on this laptop and sync when the network is back. Your timer keeps running.","Ответы сохраняются на ноутбуке и отправятся, когда появится сеть. Таймер продолжает идти.","Жауаптар осы ноутбукта сақталады және желі қайта қосылғанда жіберіледі. Таймер жүре береді.","added","2.1a Offline: From frame 2.1a."
"offline.title","student app","You’re offline. Keep writing.","Нет сети. Продолжайте писать.","Желі жоқ. Жаза беріңіз.","added","2.1a Offline: From frame 2.1a."
"pair.card.body","student app","Confirm this code in your browser.","Подтвердите этот код в браузере.","Бұл кодты браузерде растаңыз.","added","E.3 Pairing: App side of E.3."
"pair.card.next","student app","Next: {exam} · {when}","Далее: {exam} · {when}","Келесі: {exam} · {when}","added","E.3 Pairing: Value. App side of E.3."
"pair.card.title","student app","Pair Üki Lock","Подключите Üki Lock","Üki Lock-ты жұптастыру","added","E.3 Pairing: App side of E.3."
"pair.card.when.date","student app","{date}, {time}","{date} в {time}","{date}, {time}","added-not-in-figma","E.3 Pairing: Value. The {when} of pair.card.next for an exam on another day; {date} is the receipt date (formatDate). E.3 shows only today. Kazakh and Russian are a first pass: a native speaker must review them."
"pair.card.when.today","student app","today {time}","сегодня в {time}","бүгін {time}","added","E.3 Pairing: Value. The {when} of pair.card.next for an exam that starts today, as in “Next: Physics 1 · Quiz 3 · today 14:00” (E.3, 95:9394). Kazakh and Russian are a first pass: a native speaker must review them."
"proctor_paused.body","student app","{proctor}: “{message}” Your timer is stopped.","{proctor}: «{message}» Таймер остановлен.","{proctor}: «{message}» Таймеріңіз тоқтатулы.","added","2.1c Paused by proctor: Value. From frame 2.1c. Without a message, show only the last sentence."
"proctor_paused.timer","student app","Paused for {duration} · you can’t resume yourself","Пауза: {duration} · продолжить самостоятельно нельзя","Үзіліс: {duration} · өзіңіз жалғастыра алмайсыз","added","2.1c Paused by proctor: Value. From frame 2.1c."
"proctor_paused.title","student app","Your proctor paused the exam.","Проктор приостановил экзамен.","Проктор емтиханды тоқтатты.","added","2.1c Paused by proctor: From frame 2.1c."
"rules.agree","student app","I have read the rules and agree.","С правилами ознакомлен(а) и согласен(на).","Ережелермен таныстым және келісемін.","figma","1.4 Rules and lobby: Gender form"
"rules.eyes.body","student app","Look away for more than {seconds} s and Üki notes it.","Если отвести взгляд дольше {seconds, plural, one {# секунды} few {# секунд} many {# секунд} other {# секунды}}, Üki это отметит.","Экраннан {seconds} секундтан артық көз алсаңыз, Üki белгілеп қояды.","figma","1.4 Rules and lobby: Value. ICU plural (Russian)."
"rules.eyes.title","student app","Eyes on the screen","Взгляд на экран","Көзіңіз экранда","figma","1.4 Rules and lobby"
"rules.faq.video","student app","Where is the video?","Где хранится видео?","Бейне қайда сақталады?","figma","1.4 Rules and lobby The apps use it as rules.faq.video.question."
"rules.faq.video.answer","student app","It isn’t uploaded anywhere. Üki checks the video on this laptop. Only events and flagged frames are sent.","Никуда не загружается. Üki проверяет видео на этом ноутбуке. Передаются только события и отмеченные кадры.","Ешқайда жүктелмейді. Üki бейнені осы ноутбукта тексереді. Тек оқиғалар мен белгіленген кадрлар жіберіледі.","added","1.4 Rules and lobby: The answer under rules.faq.video, which is renamed to rules.faq.video.question in code. Kazakh from frame 1.4a (87:8156); English and Russian are a first pass: a native speaker must review the Russian."
"rules.phone.body","student app","Keep your phone out of the camera’s view.","Телефона не должно быть в кадре.","Телефон камераның көру аясында болмауы керек.","figma","1.4 Rules and lobby"
"rules.phone.title","student app","No phone","Без телефона","Телефонсыз","figma","1.4 Rules and lobby: +50% RU"
"rules.title","student app","Exam rules","Правила экзамена","Емтихан ережелері","figma","1.4 Rules and lobby: +70% KZ"
"rules.video.body","student app","Only events and flagged frames are sent.","Передаются только события и отмеченные кадры.","Тек оқиғалар мен белгіленген кадрлар жіберіледі.","figma","1.4 Rules and lobby"
"rules.video.title","student app","Video stays on this laptop","Видео остаётся на ноутбуке","Бейне осы ноутбукта қалады","figma","1.4 Rules and lobby"
"rules.window.body","student app","Other tabs and apps stay closed during the exam.","Во время экзамена другие вкладки и приложения закрыты.","Емтихан кезінде басқа беттер мен қолданбалар жабық болады.","figma","1.4 Rules and lobby"
"rules.window.title","student app","Only this window","Только это окно","Тек осы терезе","figma","1.4 Rules and lobby"
"status.checking","student app","Checking","Проверка","Тексерілуде","figma","Shared: +38% KZ"
"status.fix","student app","Fix this","Исправить","Түзету","figma","Shared"
"status.needs_help","student app","Needs help","Нужна помощь","Көмек керек","figma","Shared"
"status.ready","student app","Ready","Готово","Дайын","figma","Shared"
"stepper.check","student app","System check","Проверка","Тексеру","figma","Shared: Short form. The heading uses check.title."
"stepper.identity","student app","Identity","Личность","Тұлға","figma","Shared"
"stepper.join","student app","Join","Вход","Кіру","figma","Shared"
"stepper.rules","student app","Rules","Правила","Ережелер","figma","Shared: +60% KZ"
"tray.open","student app","Open Üki","Открыть Üki","Üki-ді ашу","added-not-in-figma","Tray: Tray menu during exams in the browser."
"lock.app.connected","Üki Lock","Üki app · connected · camera on","Приложение Üki · подключено · камера включена","Üki қолданбасы · қосылған · камера қосулы","added","E.4 Ready to lock: Popup footer in E.4."
"lock.app.found","Üki Lock","Üki app · found on this laptop","Приложение Üki · найдено на этом ноутбуке","Üki қолданбасы · осы ноутбукта табылды","added","E.3 Pairing: Popup footer in E.3."
"lock.app.idle","Üki Lock","Üki app · idle","Приложение Üki · ожидание","Üki қолданбасы · күту режимінде","added","E.9 Released: Popup footer in E.9."
"lock.app.watching","Üki Lock","Üki app · watching · camera on","Приложение Üki · наблюдает · камера включена","Üki қолданбасы · бақылауда · камера қосулы","figma","E.8 Lock status: Phase 1. Popup footer in E.8 (98:9927) while the app is paired."
"lock.ask.body","Üki Lock","Your proctor sees this on the live wall. Your time keeps running.","Проктор увидит это на экране наблюдения. Время продолжает идти.","Проктор мұны бақылау экранында көреді. Уақыт жүре береді.","figma","Üki Lock: Phase 1"
"lock.ask.note.helper","Üki Lock","Only your proctor sees this · {count}/{max}","Это видит только проктор · {count}/{max}","Мұны тек проктор көреді · {count}/{max}","figma","Üki Lock: Value. Phase 1"
"lock.ask.note.label","Üki Lock","Note (optional)","Комментарий (необязательно)","Ескертпе (міндетті емес)","figma","Üki Lock: +80% RU. Phase 1"
"lock.ask.reason.break","Üki Lock","I need a break","Мне нужен перерыв","Маған үзіліс керек","figma","Üki Lock: Phase 1"
"lock.ask.reason.other","Üki Lock","Something else","Другое","Басқа себеп","figma","Üki Lock: Phase 1"
"lock.ask.reason.technical","Üki Lock","Technical problem","Техническая проблема","Техникалық ақау","figma","Üki Lock: Phase 1"
"lock.ask.reason.unclear","Üki Lock","Question is unclear","Вопрос непонятен","Сұрақ түсініксіз","figma","Üki Lock: Phase 1"
"lock.ask.send","Üki Lock","Send to proctor","Отправить проктору","Прокторға жіберу","figma","Üki Lock: Phase 1"
"lock.ask.title","Üki Lock","Ask your proctor","Спросите проктора","Проктордан сұраңыз","figma","Üki Lock: Phase 1"
"lock.badge","Üki Lock","LOCKED","ЗАБЛОКИРОВАНО","ҚҰЛЫПТАУЛЫ","figma","Üki Lock: +117% RU"
"lock.blocked.back","Üki Lock","Back to the exam","Вернуться к экзамену","Емтиханға оралу","added","E.6 and E.7: Frame E.7."
"lock.blocked.body.full","Üki Lock","Only the exam portal and the calculator are open. This attempt is in your exam log.","Открыты только портал экзамена и калькулятор. Эта попытка записана в журнал экзамена.","Тек емтихан порталы мен калькулятор ашық. Бұл әрекет емтихан журналында сақталды.","added","E.6 and E.7: Frame E.7. Used once the calculator ships in Phase 1."
"lock.blocked.body.portal_only","Üki Lock","Only the exam portal is open. This attempt is in your exam log.","Открыт только портал экзамена. Эта попытка записана в журнал экзамена.","Тек емтихан порталы ашық. Бұл әрекет емтихан журналында сақталды.","added-not-in-figma","E.6 and E.7: Phase 0 has no calculator."
"lock.blocked.meta","Üki Lock","{host} · {time}","{host} · {time}","{host} · {time}","added","E.6 and E.7: Value. Frame E.7."
"lock.blocked.title","Üki Lock","This site is closed during the exam.","Во время экзамена этот сайт закрыт.","Емтихан кезінде бұл сайт жабық.","added","E.6 and E.7: Frame E.7. In exams inside the app, the block page shows only this line."
"lock.calc.clear","Üki Lock","C","C","C","figma","E.5b Calculator: Phase 1. The clear key of E.5b's keypad (153:11875). The other keys are digits and symbols, not strings."
"lock.calc.error","Üki Lock","Can’t divide by 0","На 0 делить нельзя","0-ге бөлуге болмайды","added-not-in-figma","E.5b Calculator: Phase 1. E.5b's value after a division by zero; no frame draws it."
"lock.calc.note","Üki Lock","Works offline. Keeps no history after you submit.","Работает офлайн. После сдачи история не сохраняется.","Желісіз жұмыс істейді. Тапсырғаннан кейін тарих сақталмайды.","figma","Üki Lock: Phase 1"
"lock.calc.title","Üki Lock","Calculator · built into Üki Lock","Калькулятор · встроен в Üki Lock","Калькулятор · Üki Lock ішінде","figma","Üki Lock: Phase 1"
"lock.copy.noted","Üki Lock","{time} · noted","{time} · отмечено","{time} · белгіленді","added","E.6 and E.7: Value. Frame E.6."
"lock.copy.toast","Üki Lock","Copy is off during the exam.","Во время экзамена копирование отключено.","Емтихан кезінде көшіру өшірулі.","added","E.6 and E.7: Frame E.6."
"lock.done.badge","Üki Lock","DONE","ЗАВЕРШЕНО","АЯҚТАЛДЫ","added","E.9 Released: Popup in E.9."
"lock.done.blocked.title","Üki Lock","Blocked attempts","Заблокированные попытки","Бұғатталған әрекеттер","added","E.9 Released: Popup in E.9."
"lock.done.blocked.value","Üki Lock","{count} · in your exam log","{count} · в журнале экзамена","{count} · емтихан журналында","added","E.9 Released: Value. Popup in E.9."
"lock.done.body","Üki Lock","Submitted at {time}. {count, plural, one {Your tab is back.} other {Your # tabs are back.}}","Сдано в {time}. {count, plural, one {# вкладка вернулась.} few {# вкладки вернулись.} many {# вкладок вернулись.} other {# вкладки вернулись.}}","{time} кезінде тапсырылды. {count} бетіңіз қайтарылды.","added","E.9 Released: Value. ICU plural. Popup in E.9."
"lock.done.close","Üki Lock","Close","Закрыть","Жабу","added","E.9 Released: Popup in E.9."
"lock.done.locked_for.title","Üki Lock","Locked for","Время блокировки","Құлыпталған уақыт","added","E.9 Released: Popup in E.9."
"lock.done.locked_for.value","Üki Lock","{minutes} min","{minutes} мин","{minutes} мин","added","E.9 Released: Value. Popup in E.9."
"lock.done.sent.title","Üki Lock","Sent to the proctor","Отправлено проктору","Прокторға жіберілді","added","E.9 Released: Popup in E.9."
"lock.done.sent.value","Üki Lock","Events only","Только события","Тек оқиғалар","added","E.9 Released: Popup in E.9."
"lock.done.title","Üki Lock","Lock released","Блокировка снята","Құлып ашылды","added","E.9 Released: Popup in E.9."
"lock.name","Üki Lock","Üki Lock","Üki Lock","Üki Lock","added","Üki Lock: The header of every Üki Lock popup (Ext/Popup header 92:2533, E.3 to E.9). The product name reads the same in every language."
"lock.noted.copy","Üki Lock","Copy blocked","Копирование заблокировано","Көшіру бұғатталды","figma","E.8 Lock status: Phase 1. E.8 noted row for copy.blocked (any kind)."
"lock.noted.kind.copy","Üki Lock","Copy","Копирование","Көшіру","added-not-in-figma","E.8 Lock status: Phase 1. E.8 detail under lock.noted.copy for kind copy. Figma shows the question (“Question 4”), which the Lock cannot know."
"lock.noted.kind.cut","Üki Lock","Cut","Вырезание","Қиып алу","added-not-in-figma","E.8 Lock status: Phase 1. E.8 detail under lock.noted.copy for kind cut."
"lock.noted.kind.paste","Üki Lock","Paste","Вставка","Қою","added-not-in-figma","E.8 Lock status: Phase 1. E.8 detail under lock.noted.copy for kind paste."
"lock.noted.kind.print","Üki Lock","Print","Печать","Басып шығару","added-not-in-figma","E.8 Lock status: Phase 1. E.8 detail under lock.noted.copy for kind print."
"lock.noted.outside","Üki Lock","Outside the exam window","Вне окна экзамена","Емтихан терезесінен тыс","added-not-in-figma","E.8 Lock status: Phase 1. E.8 detail of tab.blocked without a host: focus left the browser, or a browser page opened. Figma shows the key pressed (“Ctrl+T pressed”), which the Lock does not see."
"lock.noted.site","Üki Lock","Site closed","Сайт закрыт","Сайт жабылды","figma","E.8 Lock status: Phase 1. E.8 noted row for site.closed; the detail is the host."
"lock.noted.tab","Üki Lock","New tab blocked","Новая вкладка заблокирована","Жаңа бет бұғатталды","figma","E.8 Lock status: Phase 1. E.8 noted row for tab.blocked; the detail is the host, or lock.noted.outside."
"lock.pair.action","Üki Lock","Pair","Подключить","Жұптастыру","added","E.3 Pairing: Popup in E.3."
"lock.pair.badge","Üki Lock","NOT PAIRED","НЕ ПОДКЛЮЧЁН","ЖҰПТАСТЫРЫЛМАҒАН","added","E.3 Pairing: Popup in E.3."
"lock.pair.body","Üki Lock","Both should show the same code.","В обоих окнах должен быть один и тот же код.","Екеуінде бірдей код көрсетілуі керек.","added","E.3 Pairing: Popup in E.3."
"lock.pair.device","Üki Lock","{os} · {student}","{os} · {student}","{os} · {student}","added","E.3 Pairing: Value. The line under lock.pair.found in the E.3 popup (“Windows 11 · Aliya S.”, 95:9192): os.* and the student’s name. Before the student joins, the line is the OS name alone."
"lock.pair.found","Üki Lock","Üki app found","Приложение Üki найдено","Üki қолданбасы табылды","added","E.3 Pairing: Popup in E.3. The line under it is {os} · {student}."
"lock.pair.mismatch","Üki Lock","Different code? Close this and restart the Üki app.","Код другой? Закройте это окно и перезапустите приложение Üki.","Код басқа ма? Мұны жауып, Üki қолданбасын қайта іске қосыңыз.","added","E.3 Pairing: Popup in E.3."
"lock.pair.open_app.body","Üki Lock","It pairs on its own.","Подключение произойдёт само.","Ол өзі жұптасады.","added","E.3 Pairing: Step 03 in E.3."
"lock.pair.open_app.title","Üki Lock","Open the Üki app","Откройте приложение Üki","Üki қолданбасын ашыңыз","added","E.3 Pairing: Step 03 in E.3; also the popup when the app is absent."
"lock.pair.title","Üki Lock","Pair with the Üki app","Подключение к приложению Üki","Üki қолданбасымен жұптастыру","added","E.3 Pairing: Popup in E.3."
"lock.ready.app.ok","Üki Lock","Connected · camera on","Подключено · камера включена","Қосылған · камера қосулы","added","E.4 Ready to lock: Popup in E.4."
"lock.ready.app.title","Üki Lock","Üki app","Приложение Üki","Üki қолданбасы","added","E.4 Ready to lock: Popup in E.4."
"lock.ready.badge","Üki Lock","READY","ГОТОВО","ДАЙЫН","added","E.4 Ready to lock: Popup in E.4."
"lock.ready.next","Üki Lock","NEXT EXAM","СЛЕДУЮЩИЙ ЭКЗАМЕН","КЕЛЕСІ ЕМТИХАН","added","E.4 Ready to lock: Popup in E.4."
"lock.ready.note.full","Üki Lock","Only the exam portal and the calculator stay open.","Открытыми останутся только портал экзамена и калькулятор.","Тек емтихан порталы мен калькулятор ашық қалады.","added","E.4 Ready to lock: Popup in E.4. Used once the calculator ships in Phase 1."
"lock.ready.note.portal_only","Üki Lock","Only the exam portal stays open.","Открытым останется только портал экзамена.","Тек емтихан порталы ашық қалады.","added-not-in-figma","E.4 Ready to lock: Phase 0 has no calculator."
"lock.ready.screen.off","Üki Lock","Off","Выключено","Өшірулі","added","E.4 Ready to lock: Popup in E.4; the row title is check.screen.title."
"lock.ready.start","Üki Lock","Lock and start","Заблокировать и начать","Құлыптау және бастау","added","E.4 Ready to lock: Popup in E.4."
"lock.ready.tabs.body","Üki Lock","{count} open. They close at the start and come back after you submit.","Открыто: {count}. Они закроются при старте и вернутся после сдачи.","{count} ашық. Басталғанда жабылады, тапсырғаннан кейін қайтады.","added","E.4 Ready to lock: Value. Popup in E.4."
"lock.ready.tabs.title","Üki Lock","Other tabs","Другие вкладки","Басқа беттер","added","E.4 Ready to lock: Popup in E.4."
"lock.ready.when","Üki Lock","Starts {time} · {minutes} min · {host}","Начало в {time} · {minutes} мин · {host}","Басталуы {time} · {minutes} мин · {host}","added","E.4 Ready to lock: Value. Popup in E.4."
"lock.status.built_in","Üki Lock","built in","встроен","кіріктірілген","figma","E.8 Lock status: Phase 1. E.8: the Calculator row under lock.status.open."
"lock.status.ends","Üki Lock","left · ends {time}","осталось · окончание в {time}","қалды · аяқталуы {time}","figma","E.8 Lock status: Value. Phase 1. E.8, after the time left."
"lock.status.noted","Üki Lock","NOTED · {count}","ОТМЕЧЕНО · {count}","БЕЛГІЛЕНДІ · {count}","figma","E.8 Lock status: Value. Phase 1. E.8: the attempts the Lock noted (tab.blocked, copy.blocked, site.closed); the rows show the latest three."
"lock.status.open","Üki Lock","OPEN DURING THE EXAM","ОТКРЫТО ВО ВРЕМЯ ЭКЗАМЕНА","ЕМТИХАН КЕЗІНДЕ АШЫҚ","figma","E.8 Lock status: Phase 1. E.8: the allowed sites and the calculator."
"lock.tab.calculator","Üki Lock","Calculator","Калькулятор","Калькулятор","figma","Üki Lock: Phase 1"
"lock.tab.portal","Üki Lock","Exam portal","Портал экзамена","Емтихан порталы","figma","Üki Lock: +36% KZ"
"lock.watching","Üki Lock","Üki watching","Üki наблюдает","Üki бақылауда","figma","Üki Lock: Also the tray tooltip."
"os.macos","Üki Lock","macOS","macOS","macOS","added","E.3 Pairing: {os} in lock.pair.device. The app reports macOS or Windows without a version. Trade names read the same in every language."
"os.windows","Üki Lock","Windows","Windows","Windows","added","E.3 Pairing: {os} in lock.pair.device (E.3 shows Windows 11; the app reports no version). Trade names read the same in every language."
"email.invite.code_label","email","Exam code","Код экзамена","Емтихан коды","added","0.8 Invite email: 0.8 (161:13438) ""EXAM CODE""; the email shows it in capitals. Same words as join.code.label."
"email.invite.download","email","Download Üki for macOS or Windows","Скачать Üki для macOS или Windows","Üki-ді macOS не Windows үшін жүктеп алу","added","0.8 Invite email: 0.8 button; links to UKI_DOWNLOAD_URL. Kazakh and Russian are a first pass: a native speaker must review them (P.18)."
"email.invite.footer_group","email","Sent to {name} by the {office} exam office with Üki. You get this because you are in Group {group}.","Получатель: {name}. Письмо отправил экзаменационный отдел {office} через Üki. Вы получили его, потому что состоите в группе {group}.","Алушы: {name}. Хатты {office} емтихан бөлімі Üki арқылы жіберді. Сіз {group} тобында болғандықтан, бұл хатты алдыңыз.","added","0.8 Invite email: 0.8 footer. {name} is the student, so an invite redirected to UKI_EMAIL_SINK still says whose it is; {office} is the workspace name; {group} the student's group code. The frame's sender address is left out (decisions). Kazakh and Russian are a first pass: a native speaker must review them (P.18)."
"email.invite.footer_roster","email","Sent to {name} by the {office} exam office with Üki. You get this because you are on the exam roster.","Получатель: {name}. Письмо отправил экзаменационный отдел {office} через Üki. Вы получили его, потому что внесены в список экзамена.","Алушы: {name}. Хатты {office} емтихан бөлімі Üki арқылы жіберді. Сіз емтихан тізімінде болғандықтан, бұл хатты алдыңыз.","added-not-in-figma","0.8 Invite email: email.invite.footer_group for a student with no group. Kazakh and Russian are a first pass: a native speaker must review them (P.18)."
"email.invite.id_label","email","Student ID","ID студента","Студенттік ID","added","0.8 Invite email: 0.8 ""STUDENT ID""; the email shows it in capitals. Same words as join.student_id.label."
"email.invite.languages","email","Қазақша · Русский · English","Қазақша · Русский · English","Қазақша · Русский · English","added","0.8 Invite email: 0.8 top right: the languages Üki speaks, each in its own language, the same in every email."
"email.invite.preview","email","Exam code {code}. The lobby opens at {lobby}.","Код экзамена: {code}. Вход с {lobby}.","Емтихан коды: {code}. Кіру уақыты: {lobby}.","added-not-in-figma","0.8 Invite email: Hidden preview line that inboxes show after the subject. {lobby} is a time like 09:40. Kazakh and Russian are a first pass: a native speaker must review them (P.18)."
"email.invite.privacy","email","Video stays on your laptop. Only events and flagged frames are sent.","Видео остаётся на вашем ноутбуке. Передаются только события и отмеченные кадры.","Бейне ноутбугыңызда қалады. Тек оқиғалар мен белгіленген кадрлар жіберіледі.","added","0.8 Invite email: 0.8, beside the lock icon. Wording follows rules.video.title and rules.video.body."
"email.invite.step_check","email","Run the system check before {weekday, select, mon {Monday} tue {Tuesday} wed {Wednesday} thu {Thursday} fri {Friday} sat {Saturday} sun {Sunday} other {Sunday}}.","Пройдите проверку системы до {weekday, select, mon {понедельника} tue {вторника} wed {среды} thu {четверга} fri {пятницы} sat {субботы} sun {воскресенья} other {воскресенья}}.","Жүйені {weekday, select, mon {дүйсенбі} tue {сейсенбі} wed {сәрсенбі} thu {бейсенбі} fri {жұма} sat {сенбі} sun {жексенбі} other {жексенбі}} күніне дейін тексеріңіз.","added","0.8 Invite email: 0.8 step 2. {weekday} is the exam day in the workspace time zone (mon to sun); the select keeps each language grammatical. Kazakh and Russian are a first pass: a native speaker must review them (P.18)."
"email.invite.step_install","email","Install Üki on the laptop you will use.","Установите Üki на ноутбук, с которого будете сдавать экзамен.","Üki-ді емтиханда қолданатын ноутбугыңызға орнатыңыз.","added","0.8 Invite email: 0.8 step 1. Kazakh and Russian are a first pass: a native speaker must review them (P.18)."
"email.invite.step_join","email","At {lobby}, join with your exam code and student ID.","В {lobby} войдите по коду экзамена и ID студента.","Сағат {lobby} болғанда емтихан коды мен студенттік ID арқылы кіріңіз.","added","0.8 Invite email: 0.8 step 3. {lobby} is when the lobby opens, like 09:40. Kazakh and Russian are a first pass: a native speaker must review them (P.18)."
"email.invite.subject","email","{exam}: your exam code","{exam}: ваш код экзамена","{exam}: емтихан кодыңыз","added","0.8 Invite email: 0.8 subject line. {exam} is the exam title, like ""Mathematics 2 · Midterm"". Kazakh and Russian are a first pass: a native speaker must review them (P.18)."
"email.invite.subtitle","email","{exam} · {day} {month, select, jan {January} feb {February} mar {March} apr {April} may {May} jun {June} jul {July} aug {August} sep {September} oct {October} nov {November} dec {December} other {December}} · lobby opens {lobby}","{exam} · {day} {month, select, jan {января} feb {февраля} mar {марта} apr {апреля} may {мая} jun {июня} jul {июля} aug {августа} sep {сентября} oct {октября} nov {ноября} dec {декабря} other {декабря}} · вход с {lobby}","{exam} · {day} {month, select, jan {қаңтар} feb {ақпан} mar {наурыз} apr {сәуір} may {мамыр} jun {маусым} jul {шілде} aug {тамыз} sep {қыркүйек} oct {қазан} nov {қараша} dec {желтоқсан} other {желтоқсан}} · кіру уақыты: {lobby}","added","0.8 Invite email: 0.8 hero, under the title. The date ({day} and {month}, jan to dec, in the workspace time zone) is added to the frame's line, because an invite can come more than a week early (decisions). The month is a select, not Intl: the Edge Runtime has no Kazakh month names. Kazakh and Russian are a first pass: a native speaker must review them (P.18). A no-break space keeps the time (and the day with its month) on one line."
"email.invite.test_subject","email","Test invite · {exam}: your exam code","Тестовое приглашение · {exam}: ваш код экзамена","Сынақ шақыру · {exam}: емтихан кодыңыз","added-not-in-figma","0.8 Invite email: Subject of the test invite from 0.5, sent to the staff member. Kazakh and Russian are a first pass: a native speaker must review them (P.18)."
"email.invite.title","email","Your exam is on {weekday, select, mon {Monday} tue {Tuesday} wed {Wednesday} thu {Thursday} fri {Friday} sat {Saturday} sun {Sunday} other {Sunday}} at {time}.","Ваш экзамен {weekday, select, mon {в понедельник} tue {во вторник} wed {в среду} thu {в четверг} fri {в пятницу} sat {в субботу} sun {в воскресенье} other {в воскресенье}} в {time}.","Емтиханыңыз {weekday, select, mon {дүйсенбі} tue {сейсенбі} wed {сәрсенбі} thu {бейсенбі} fri {жұма} sat {сенбі} sun {жексенбі} other {жексенбі}} күні, сағат {time}.","added","0.8 Invite email: 0.8 hero title. {weekday} is the exam day in the workspace time zone (mon to sun); the select keeps each language grammatical. {time} is the start, like 10:00. Kazakh and Russian are a first pass: a native speaker must review them (P.18). A no-break space keeps the time (and the day with its month) on one line."
"email.invite.wordmark_alt","email","Üki","Üki","Üki","added-not-in-figma","0.8 Invite email: Alt text of the wordmark image in 0.8, for inboxes that block images."
"dashboard.common.allGroups","dashboard","All groups","Все группы","","","dashboard.json"
"dashboard.common.dateTime","dashboard","{date} · {time}","{date} · {time}","","","dashboard.json"
"dashboard.common.groups","dashboard","{count, plural, one {Group {codes}} other {Groups {codes}}}","{count, plural, one {Группа {codes}} few {Группы {codes}} many {Группы {codes}} other {Группы {codes}}}","","","dashboard.json"
"dashboard.common.minutes","dashboard","{minutes} min","{minutes} мин","","","dashboard.json"
"dashboard.common.proctors","dashboard","{count, plural, one {# proctor} other {# proctors}}","{count, plural, one {# проктор} few {# проктора} many {# прокторов} other {# проктора}}","","","dashboard.json"
"dashboard.common.todayTime","dashboard","Today · {time}","Сегодня · {time}","","","dashboard.json"
"dashboard.common.withDetail","dashboard","{main} · {detail}","{main} · {detail}","","","dashboard.json"
"dashboard.lobby.banner.joined","dashboard","{joined} of {total} students are in.","Вошли {joined} из {total}.","","","dashboard.json"
"dashboard.lobby.banner.needHelp","dashboard","{count, plural, =1 {One needs help.} =2 {Two need help.} =3 {Three need help.} =4 {Four need help.} =5 {Five need help.} =6 {Six need help.} =7 {Seven need help.} =8 {Eight need help.} =9 {Nine need help.} =10 {Ten need help.} one {# needs help.} other {# need help.}}","{count, plural, =1 {Одному студенту нужна помощь.} one {Помощь нужна # студенту.} few {Помощь нужна # студентам.} many {Помощь нужна # студентам.} other {Помощь нужна # студента.}}","","","dashboard.json"
"dashboard.lobby.banner.notJoined","dashboard","{count, plural, =1 {One has not opened Üki yet.} =2 {Two have not opened Üki yet.} =3 {Three have not opened Üki yet.} =4 {Four have not opened Üki yet.} =5 {Five have not opened Üki yet.} =6 {Six have not opened Üki yet.} =7 {Seven have not opened Üki yet.} =8 {Eight have not opened Üki yet.} =9 {Nine have not opened Üki yet.} =10 {Ten have not opened Üki yet.} one {# has not opened Üki yet.} other {# have not opened Üki yet.}}","{count, plural, =1 {Один студент ещё не открыл Üki.} one {# студент ещё не открыл Üki.} few {# студента ещё не открыли Üki.} many {# студентов ещё не открыли Üki.} other {# студента ещё не открыли Üki.}}","","","dashboard.json"
"dashboard.lobby.banner.started","dashboard","Started at {time}","Начался в {time}","","","dashboard.json"
"dashboard.lobby.banner.startsAt","dashboard","Starts at {time} · in {minutes} min","Начало в {time} · через {minutes} мин","","","dashboard.json"
"dashboard.lobby.breadcrumb","dashboard","Live / {exam} · {groups}","Наблюдение / {exam} · {groups}","","","dashboard.json"
"dashboard.lobby.card.cardUnreadable","dashboard","Card unreadable","Билет не читается","","","dashboard-proctor.json"
"dashboard.lobby.card.device","dashboard","Device","Устройство","","","dashboard-proctor.json"
"dashboard.lobby.card.help","dashboard","help","помощь","","","dashboard-proctor.json"
"dashboard.lobby.card.problem","dashboard","Problem","Проблема","","","dashboard-proctor.json"
"dashboard.lobby.card.retry","dashboard","retry {attempt} of {max}","попытка {attempt} из {max}","","","dashboard-proctor.json"
"dashboard.lobby.card.step","dashboard","Check-in · step {step} of {total}","Регистрация · шаг {step} из {total}","","","dashboard-proctor.json"
"dashboard.lobby.card.stepName.identity","dashboard","Identity","Личность","","","dashboard-proctor.json"
"dashboard.lobby.card.stepName.ready","dashboard","Ready","Готов","","","dashboard-proctor.json"
"dashboard.lobby.card.stepName.rules","dashboard","Rules","Правила","","","dashboard-proctor.json"
"dashboard.lobby.card.stepName.system","dashboard","System","Система","","","dashboard-proctor.json"
"dashboard.lobby.card.tries","dashboard","{tries} of {max} tries","{tries} из {max} попыток","","","dashboard-proctor.json"
"dashboard.lobby.changeRequest.body","dashboard","“{text}”","«{text}»","","","dashboard-proctor.json"
"dashboard.lobby.changeRequest.title","dashboard","{name} asked to change seats {from}–{to}","{name} просит изменить места {from}–{to}","","","dashboard-proctor.json"
"dashboard.lobby.changeRequest.titleAll","dashboard","{name} asked for a change","{name} просит изменить назначение","","","dashboard-proctor.json"
"dashboard.lobby.chip.checking","dashboard","Checking in","Регистрация","","","dashboard.json"
"dashboard.lobby.chip.done","dashboard","Done","Завершено","","","dashboard.json"
"dashboard.lobby.chip.needsHelp","dashboard","Needs help","Нужна помощь","","","dashboard.json"
"dashboard.lobby.chip.notJoined","dashboard","Not joined","Нет входа","","","dashboard.json"
"dashboard.lobby.chip.paused","dashboard","Paused","Пауза","","","dashboard.json"
"dashboard.lobby.chip.ready","dashboard","Ready","Готово","","","dashboard.json"
"dashboard.lobby.chip.writing","dashboard","Writing","Пишет","","","dashboard.json"
"dashboard.lobby.column.action","dashboard","Action","Действие","","","dashboard.json"
"dashboard.lobby.column.device","dashboard","Device","Устройство","","","dashboard.json"
"dashboard.lobby.column.status","dashboard","Status","Статус","","","dashboard.json"
"dashboard.lobby.column.student","dashboard","Student","Студент","","","dashboard.json"
"dashboard.lobby.column.where","dashboard","Where they are","Где сейчас","","","dashboard.json"
"dashboard.lobby.detail.appOpen","dashboard","{app} is open","Открыто: {app}","","","dashboard.json"
"dashboard.lobby.detail.bounced","dashboard","Invite email bounced","Письмо-приглашение не доставлено","","","dashboard.json"
"dashboard.lobby.detail.cameraBlocked","dashboard","Camera blocked by another app","Камеру занимает другое приложение","","","dashboard.json"
"dashboard.lobby.detail.cardHelp","dashboard","Card unreadable · {tries} of {max} tries","Билет не читается · {tries} из {max} попыток","","","dashboard-proctor.json"
"dashboard.lobby.detail.cardRetry","dashboard","Card unreadable · retry {attempt} of {max}","Билет не читается · попытка {attempt} из {max}","","","dashboard.json"
"dashboard.lobby.detail.waiting","dashboard","Waiting for the start","Ждёт начала","","","dashboard.json"
"dashboard.lobby.device","dashboard","{os} · Üki {version}","{os} · Üki {version}","","","dashboard.json"
"dashboard.lobby.identityHelp.close","dashboard","Close","Закрыть","","","dashboard-proctor.json"
"dashboard.lobby.identityHelp.footer","dashboard","You see each try’s result, never the photo.","Вы видите результат каждой попытки, но не фото.","","","dashboard-proctor.json"
"dashboard.lobby.identityHelp.hint.helper","dashboard","Sent in {language}, {name}’s app language · {count}/{max}","Язык приложения {name}: {language} · {count}/{max}","","","dashboard-proctor.json"
"dashboard.lobby.identityHelp.hint.label","dashboard","Hint for {name}","Подсказка для {name}","","","dashboard-proctor.json"
"dashboard.lobby.identityHelp.hint.placeholder","dashboard","Tilt the card away from the window light, then hold it inside the lime frame.","Отверните билет от света из окна и держите его внутри зелёной рамки.","","","dashboard-proctor.json"
"dashboard.lobby.identityHelp.open","dashboard","Identity help","Помочь","","","dashboard-proctor.json"
"dashboard.lobby.identityHelp.send","dashboard","Send hint","Отправить подсказку","","","dashboard-proctor.json"
"dashboard.lobby.identityHelp.sent","dashboard","Hint sent to {name}.","Подсказка отправлена: {name}.","","","dashboard-proctor.json"
"dashboard.lobby.identityHelp.title","dashboard","Identity help","Помощь с личностью","","","dashboard-proctor.json"
"dashboard.lobby.message","dashboard","Message","Написать","","","dashboard.json"
"dashboard.lobby.messageEveryone","dashboard","Message everyone","Написать всем","","","dashboard.json"
"dashboard.lobby.noDevice","dashboard","—","—","","","dashboard.json"
"dashboard.lobby.os.macos","dashboard","macOS","macOS","","","dashboard.json"
"dashboard.lobby.os.windows","dashboard","Windows","Windows","","","dashboard.json"
"dashboard.lobby.startError.alreadyStarted","dashboard","The exam has already started.","Экзамен уже начался.","","","dashboard.json"
"dashboard.lobby.startError.failed","dashboard","The exam did not start. Try again.","Экзамен не начался. Попробуйте снова.","","","dashboard.json"
"dashboard.lobby.startError.forbidden","dashboard","Only the lead proctor or the exam office can start the exam.","Начать экзамен может только старший проктор или экзаменационный отдел.","","","dashboard.json"
"dashboard.lobby.startExam","dashboard","Start exam","Начать экзамен","","","dashboard.json"
"dashboard.lobby.stat.joined.caption","dashboard","of {total} students","{total, plural, one {из # студента} few {из # студентов} many {из # студентов} other {из # студента}}","","","dashboard.json"
"dashboard.lobby.stat.joined.label","dashboard","Joined","Вошли","","","dashboard.json"
"dashboard.lobby.stat.needHelp.caption","dashboard","Identity or other apps","Личность или другие приложения","","","dashboard.json"
"dashboard.lobby.stat.needHelp.label","dashboard","Need help","Нужна помощь","","","dashboard.json"
"dashboard.lobby.stat.notJoined.caption","dashboard","Invite opened by {count}","Приглашение открыли: {count}","","","dashboard.json"
"dashboard.lobby.stat.notJoined.label","dashboard","Not joined","Не вошли","","","dashboard.json"
"dashboard.lobby.stat.ready.caption","dashboard","Passed every check","Все проверки пройдены","","","dashboard.json"
"dashboard.lobby.stat.ready.label","dashboard","Ready","Готовы","","","dashboard.json"
"dashboard.lobby.step.checking","dashboard","System check","Проверка системы","","","dashboard.json"
"dashboard.lobby.step.finished","dashboard","Finished","Завершено","","","dashboard.json"
"dashboard.lobby.step.identity","dashboard","Identity check","Проверка личности","","","dashboard.json"
"dashboard.lobby.step.joined","dashboard","Joined","Вход выполнен","","","dashboard.json"
"dashboard.lobby.step.notJoined","dashboard","Not joined","Нет входа","","","dashboard.json"
"dashboard.lobby.step.rules","dashboard","Rules","Правила","","","dashboard.json"
"dashboard.lobby.step.writing","dashboard","Writing","Пишет экзамен","","","dashboard.json"
"dashboard.lobby.table.empty","dashboard","No students in this list.","В этом списке нет студентов.","","","dashboard.json"
"dashboard.lobby.table.filter.all","dashboard","All","Все","","","dashboard.json"
"dashboard.lobby.table.filter.needHelp","dashboard","Need help · {count}","Нужна помощь · {count}","","","dashboard.json"
"dashboard.lobby.table.filter.notJoined","dashboard","Not joined · {count}","Не вошли · {count}","","","dashboard.json"
"dashboard.lobby.table.filter.ready","dashboard","Ready · {count}","Готовы · {count}","","","dashboard.json"
"dashboard.lobby.table.filterLabel","dashboard","Filter students","Фильтр студентов","","","dashboard.json"
"dashboard.lobby.table.search","dashboard","Find a student","Найти студента","","","dashboard.json"
"dashboard.lobby.table.title","dashboard","Check-in","Регистрация","","","dashboard.json"
"dashboard.lobby.title","dashboard","Lobby","Лобби","","","dashboard.json"
"dashboard.myExams.allSeats","dashboard","All seats","Все места","","","dashboard-proctor.json"
"dashboard.myExams.banner.body","dashboard","{name} assigned you seats {from}–{to} on {date}. Confirm them or ask for a change.","{name}: вам назначены места {from}–{to} на {date}. Подтвердите их или попросите изменить.","","","dashboard-proctor.json"
"dashboard.myExams.banner.bodyAll","dashboard","{name} assigned you to this exam on {date}. Confirm it or ask for a change.","{name}: вы назначены на этот экзамен {date}. Подтвердите или попросите изменить.","","","dashboard-proctor.json"
"dashboard.myExams.banner.review","dashboard","Review","Проверить","","","dashboard-proctor.json"
"dashboard.myExams.banner.title","dashboard","Confirm your seats for {course}","Подтвердите места на экзамене «{course}»","","","dashboard-proctor.json"
"dashboard.myExams.change.back","dashboard","Back","Назад","","","dashboard-proctor.json"
"dashboard.myExams.change.body","dashboard","The exam office sees your note on {course} and changes your seats or languages.","Экзаменационный отдел увидит вашу заметку к экзамену «{course}» и изменит места или языки.","","","dashboard-proctor.json"
"dashboard.myExams.change.counter","dashboard","{count}/{max}","{count}/{max}","","","dashboard-proctor.json"
"dashboard.myExams.change.field","dashboard","What should change?","Что нужно изменить?","","","dashboard-proctor.json"
"dashboard.myExams.change.send","dashboard","Send request","Отправить запрос","","","dashboard-proctor.json"
"dashboard.myExams.confirm.allSeats","dashboard","All seats, {count, plural, one {# student} other {# students}}.","Все места, {count, plural, one {# студент} few {# студента} many {# студентов} other {# студента}}.","","","dashboard-proctor.json"
"dashboard.myExams.confirm.change","dashboard","Ask for a change","Попросить изменить","","","dashboard-proctor.json"
"dashboard.myExams.confirm.confirm","dashboard","Confirm seats","Подтвердить места","","","dashboard-proctor.json"
"dashboard.myExams.confirm.languages","dashboard","You speak with them in {languages}.","Вы говорите с ними на {languages}.","","","dashboard-proctor.json"
"dashboard.myExams.confirm.lobby","dashboard","The lobby opens at {time}.","Лобби открывается в {time}.","","","dashboard-proctor.json"
"dashboard.myExams.confirm.seats","dashboard","Seats {from}–{to}, {count, plural, one {# student} other {# students}}.","Места {from}–{to}, {count, plural, one {# студент} few {# студента} many {# студентов} other {# студента}}.","","","dashboard-proctor.json"
"dashboard.myExams.confirm.title","dashboard","Confirm {course}?","Подтвердить «{course}»?","","","dashboard-proctor.json"
"dashboard.myExams.confirm.when","dashboard","{date}, {start}–{end}.","{date}, {start}–{end}.","","","dashboard-proctor.json"
"dashboard.myExams.examOffice","dashboard","The exam office","Экзаменационный отдел","","","dashboard-proctor.json"
"dashboard.myExams.language.en","dashboard","English","английский","","","dashboard-proctor.json"
"dashboard.myExams.language.kk","dashboard","Kazakh","казахский","","","dashboard-proctor.json"
"dashboard.myExams.language.ru","dashboard","Russian","русский","","","dashboard-proctor.json"
"dashboard.myExams.languageIn.en","dashboard","English","английском","","","dashboard-proctor.json"
"dashboard.myExams.languageIn.kk","dashboard","Kazakh","казахском","","","dashboard-proctor.json"
"dashboard.myExams.languageIn.ru","dashboard","Russian","русском","","","dashboard-proctor.json"
"dashboard.myExams.seats","dashboard","Seats {from}–{to}","Места {from}–{to}","","","dashboard-proctor.json"
"dashboard.myExams.stat.assigned.caption","dashboard","this week and next","на этой и следующей неделе","","","dashboard-proctor.json"
"dashboard.myExams.stat.assigned.label","dashboard","Assigned","Назначено","","","dashboard-proctor.json"
"dashboard.myExams.stat.assigned.value","dashboard","{count, plural, one {# exam} other {# exams}}","{count, plural, one {# экзамен} few {# экзамена} many {# экзаменов} other {# экзамена}}","","","dashboard-proctor.json"
"dashboard.myExams.stat.confirm.label","dashboard","To confirm","Подтвердить","","","dashboard-proctor.json"
"dashboard.myExams.stat.confirm.none","dashboard","All confirmed","Всё подтверждено","","","dashboard-proctor.json"
"dashboard.myExams.stat.next.day","dashboard","{weekday} {time}","{weekday} {time}","","","dashboard-proctor.json"
"dashboard.myExams.stat.next.label","dashboard","Next exam","Следующий экзамен","","","dashboard-proctor.json"
"dashboard.myExams.stat.next.none","dashboard","None","Нет","","","dashboard-proctor.json"
"dashboard.myExams.stat.next.today","dashboard","Today {time}","Сегодня {time}","","","dashboard-proctor.json"
"dashboard.myExams.stat.students.caption","dashboard","across your seats","на ваших местах","","","dashboard-proctor.json"
"dashboard.myExams.stat.students.label","dashboard","Your students","Ваши студенты","","","dashboard-proctor.json"
"dashboard.myExams.status.changeRequested","dashboard","Change requested","Запрошено изменение","","","dashboard-proctor.json"
"dashboard.myExams.status.confirm","dashboard","Confirm seats","Подтвердить места","","","dashboard-proctor.json"
"dashboard.myExams.status.confirmed","dashboard","Confirmed","Подтверждено","","","dashboard-proctor.json"
"dashboard.myExams.table.empty","dashboard","No exams are assigned to you yet.","Вам пока не назначены экзамены.","","","dashboard-proctor.json"
"dashboard.myExams.table.title","dashboard","Assignments","Назначения","","","dashboard-proctor.json"
"dashboard.myExams.title","dashboard","My exams","Мои экзамены","","","dashboard-proctor.json"
"dashboard.myExams.toast.confirmed","dashboard","Seats confirmed for {course}.","Места на экзамене «{course}» подтверждены.","","","dashboard-proctor.json"
"dashboard.myExams.toast.failed","dashboard","Could not save. Try again.","Не удалось сохранить. Попробуйте снова.","","","dashboard-proctor.json"
"dashboard.myExams.toast.requested","dashboard","Change request sent to the exam office.","Запрос на изменение отправлен в экзаменационный отдел.","","","dashboard-proctor.json"
"dashboard.overview.check.gaze","dashboard","Gaze","Взгляд","","","dashboard.json"
"dashboard.overview.check.id","dashboard","Student card","Студенческий билет","","","dashboard.json"
"dashboard.overview.check.lock","dashboard","Üki Lock","Üki Lock","","","dashboard.json"
"dashboard.overview.check.phone","dashboard","Phone","Телефон","","","dashboard.json"
"dashboard.overview.column.checks","dashboard","Checks","Проверки","","","dashboard.json"
"dashboard.overview.column.exam","dashboard","Exam","Экзамен","","","dashboard.json"
"dashboard.overview.column.open","dashboard","Open","Открыть","","","dashboard.json"
"dashboard.overview.column.status","dashboard","Status","Статус","","","dashboard.json"
"dashboard.overview.column.students","dashboard","Students","Студенты","","","dashboard.json"
"dashboard.overview.column.when","dashboard","When","Когда","","","dashboard.json"
"dashboard.overview.dataKept.body","dashboard","Üki checks video on each laptop. Only events and flagged frames reach the server.","Üki проверяет видео на каждом ноутбуке. На сервер попадают только события и отмеченные кадры.","","","dashboard.json"
"dashboard.overview.dataKept.count","dashboard","{count, number}","{count, number}","","","dashboard.json"
"dashboard.overview.dataKept.events","dashboard","Events","События","","","dashboard.json"
"dashboard.overview.dataKept.frames","dashboard","Flagged frames","Отмеченные кадры","","","dashboard.json"
"dashboard.overview.dataKept.pending","dashboard","—","—","","","dashboard.json"
"dashboard.overview.dataKept.privacyCentre","dashboard","Open privacy centre","Открыть центр конфиденциальности","","","dashboard.json"
"dashboard.overview.dataKept.title","dashboard","Why 0 MB?","Почему 0 МБ?","","","dashboard.json"
"dashboard.overview.dataKept.video","dashboard","Video","Видео","","","dashboard.json"
"dashboard.overview.exams.empty","dashboard","No exams here.","Здесь нет экзаменов.","","","dashboard.json"
"dashboard.overview.exams.title","dashboard","Exams","Экзамены","","","dashboard.json"
"dashboard.overview.filter.all","dashboard","All","Все","","","dashboard.json"
"dashboard.overview.filter.done","dashboard","Done","Завершены","","","dashboard.json"
"dashboard.overview.filter.label","dashboard","Filter exams","Фильтр экзаменов","","","dashboard.json"
"dashboard.overview.filter.live","dashboard","Live","Идут","","","dashboard.json"
"dashboard.overview.filter.upcoming","dashboard","Upcoming","Предстоящие","","","dashboard.json"
"dashboard.overview.next.body","dashboard","Lobby opens at {time}. {students, plural, one {# student} other {# students}}, {proctors, plural, one {# proctor} other {# proctors}}.","Лобби открывается в {time}. {students, plural, one {# студент} few {# студента} many {# студентов} other {# студента}}, {proctors, plural, one {# проктор} few {# проктора} many {# прокторов} other {# проктора}}.","","","dashboard.json"
"dashboard.overview.next.openLobby","dashboard","Open lobby","Открыть лобби","","","dashboard.json"
"dashboard.overview.next.overline","dashboard","Next exam · {date}","Следующий экзамен · {date}","","","dashboard.json"
"dashboard.overview.next.title","dashboard","{course} · {time}","{course} · {time}","","","dashboard.json"
"dashboard.overview.readiness.body","dashboard","Roster {ready} of {total} · rules in ҚАЗ, РУС, ENG · proctors assigned.","Список {ready} из {total} · правила на ҚАЗ, РУС, ENG · прокторы назначены.","","","dashboard.json"
"dashboard.overview.readiness.overline","dashboard","Before {weekday}","Перед экзаменом · {weekday}","","","dashboard.json"
"dashboard.overview.readiness.title","dashboard","Ready to run","Готово к проведению","","","dashboard.json"
"dashboard.overview.stat.live.label","dashboard","Live now","Идут сейчас","","","dashboard.json"
"dashboard.overview.stat.review.label","dashboard","Needs review","Ждут проверки","","","dashboard.json"
"dashboard.overview.stat.upcoming.caption","dashboard","Next: {course} · {weekday} {time}","Далее: {course} · {weekday} {time}","","","dashboard.json"
"dashboard.overview.stat.upcoming.label","dashboard","Upcoming","Предстоящие","","","dashboard.json"
"dashboard.overview.stat.video.caption","dashboard","Events and flagged frames only","Только события и отмеченные кадры","","","dashboard.json"
"dashboard.overview.stat.video.label","dashboard","Video uploaded","Загружено видео","","","dashboard.json"
"dashboard.overview.stat.video.value","dashboard","{megabytes} MB","{megabytes} МБ","","","dashboard.json"
"dashboard.overview.status.cancelled","dashboard","Cancelled","Отменён","","","dashboard.json"
"dashboard.overview.status.draft","dashboard","Draft","Черновик","","","dashboard.json"
"dashboard.overview.status.live","dashboard","Live now","Идёт сейчас","","","dashboard.json"
"dashboard.overview.status.reviewed","dashboard","Reviewed","Проверен","","","dashboard.json"
"dashboard.overview.status.scheduled","dashboard","Scheduled","Запланирован","","","dashboard.json"
"dashboard.overview.status.toReview","dashboard","{count, plural, one {# flag to review} other {# flags to review}}","{count, plural, one {# отметка на проверку} few {# отметки на проверку} many {# отметок на проверку} other {# отметки на проверку}}","","","dashboard.json"
"dashboard.overview.title","dashboard","Overview","Обзор","","","dashboard.json"
"dashboard.report.breadcrumb","dashboard","Review / {exam} / {student}","Проверка / {exam} / {student}","","","dashboard-report.json"
"dashboard.report.doc.decision","dashboard","{decision, select, no_issue {No issue} talk {Talk to the student} committee {Send to the exam committee} other {Not reviewed yet}}","{decision, select, no_issue {Нарушений нет} talk {Поговорить со студентом} committee {Передать в экзаменационную комиссию} other {Ещё не проверено}}","","","dashboard-report.json"
"dashboard.report.doc.flagTitle","dashboard","{time}  {flag}","{time}  {flag}","","","dashboard-report.json"
"dashboard.report.doc.flags","dashboard","Flags · {count}","Отметки · {count}","","","dashboard-report.json"
"dashboard.report.doc.footer","dashboard","Flag ≠ fail. This report lists moments, not verdicts. Video was processed on the student’s laptop; only the frames above and the event log were stored.","Отметка ≠ провал. В отчёте перечислены моменты, а не выводы. Видео обрабатывалось на ноутбуке студента; сохранены только кадры выше и журнал событий.","","","dashboard-report.json"
"dashboard.report.doc.identity","dashboard","{result, select, matched {Matched on device · {time}} matchedNoTime {Matched on device} other {Not checked}}","{result, select, matched {Совпала на устройстве · {time}} matchedNoTime {Совпала на устройстве} other {Не проверялась}}","","","dashboard-report.json"
"dashboard.report.doc.noFlags","dashboard","No flags in this session.","В этой сессии нет отметок.","","","dashboard-report.json"
"dashboard.report.doc.noProctor","dashboard","Not assigned","Не назначен","","","dashboard-report.json"
"dashboard.report.doc.noteDetail","dashboard","{name, select, none {“{text}”} other {“{text}” · {name}}}","{name, select, none {«{text}»} other {«{text}» · {name}}}","","","dashboard-report.json"
"dashboard.report.doc.notes","dashboard","Notes · {count}","Заметки · {count}","","","dashboard-report.json"
"dashboard.report.doc.phoneDetail","dashboard","Confidence {score, number, ::.00} · held {seconds, number, ::.#} s","Уверенность {score, number, ::.00} · в руках {seconds, number, ::.#} с","","","dashboard-report.json"
"dashboard.report.doc.reviewed","dashboard","{name} · {time}","{name} · {time}","","","dashboard-report.json"
"dashboard.report.doc.row.decision","dashboard","Decision","Решение","","","dashboard-report.json"
"dashboard.report.doc.row.identity","dashboard","Identity","Личность","","","dashboard-report.json"
"dashboard.report.doc.row.note","dashboard","Note","Заметка","","","dashboard-report.json"
"dashboard.report.doc.row.proctor","dashboard","Proctor","Проктор","","","dashboard-report.json"
"dashboard.report.doc.row.reviewed","dashboard","Reviewed","Проверил","","","dashboard-report.json"
"dashboard.report.doc.row.student","dashboard","Student","Студент","","","dashboard-report.json"
"dashboard.report.doc.row.timeUsed","dashboard","Time used","Время","","","dashboard-report.json"
"dashboard.report.doc.still","dashboard","Still of the flag at {time}","Кадр отметки в {time}","","","dashboard-report.json"
"dashboard.report.doc.student","dashboard","{name} · {number}","{name} · {number}","","","dashboard-report.json"
"dashboard.report.doc.subtitle","dashboard","{exam} · {date} · Group {group}","{exam} · {date} · группа {group}","","","dashboard-report.json"
"dashboard.report.doc.subtitleNoGroup","dashboard","{exam} · {date}","{exam} · {date}","","","dashboard-report.json"
"dashboard.report.doc.timeUsed","dashboard","{used} of {total} min","{used} из {total} мин","","","dashboard-report.json"
"dashboard.report.export.csv","dashboard","Export CSV","Экспорт CSV","","","dashboard-report.json"
"dashboard.report.export.pdf","dashboard","Download PDF","Скачать PDF","","","dashboard-report.json"
"dashboard.report.export.title","dashboard","Export","Экспорт","","","dashboard-report.json"
"dashboard.report.kept.count","dashboard","{count, number}","{count, number}","","","dashboard-report.json"
"dashboard.report.kept.days","dashboard","{days, plural, one {# day} other {# days}}, then deleted","{days, plural, one {# день} few {# дня} many {# дней} other {# дня}}, затем удаляются","","","dashboard-report.json"
"dashboard.report.kept.events","dashboard","Events","События","","","dashboard-report.json"
"dashboard.report.kept.eyebrow","dashboard","This exam","Этот экзамен","","","dashboard-report.json"
"dashboard.report.kept.for","dashboard","Kept for","Срок хранения","","","dashboard-report.json"
"dashboard.report.kept.frames","dashboard","Flagged frames","Отмеченные кадры","","","dashboard-report.json"
"dashboard.report.kept.megabytes","dashboard","{mb} MB","{mb} МБ","","","dashboard-report.json"
"dashboard.report.kept.title","dashboard","Data kept","Что хранится","","","dashboard-report.json"
"dashboard.report.kept.video","dashboard","Video uploaded","Загружено видео","","","dashboard-report.json"
"dashboard.report.notFound.body","dashboard","It may have expired or been withdrawn. Ask the exam office for a new link.","Возможно, срок её действия истёк или её отозвали. Попросите в экзаменационном отделе новую ссылку.","","","dashboard-report.json"
"dashboard.report.notFound.title","dashboard","This link is not available","Ссылка недоступна","","","dashboard-report.json"
"dashboard.report.share.copied","dashboard","Link copied","Ссылка скопирована","","","dashboard-report.json"
"dashboard.report.share.copy","dashboard","Copy link","Скопировать ссылку","","","dashboard-report.json"
"dashboard.report.share.failed","dashboard","The link could not be made. Try again.","Не удалось создать ссылку. Попробуйте ещё раз.","","","dashboard-report.json"
"dashboard.report.share.field","dashboard","Read-only link · expires in {days, plural, one {# day} other {# days}}","Ссылка для чтения · {days, plural, one {# день} few {# дня} many {# дней} other {# дня}}","","","dashboard-report.json"
"dashboard.report.share.label","dashboard","Share with the committee","Поделиться с комиссией","","","dashboard-report.json"
"dashboard.report.share.once","dashboard","Shown only once. Copy it now; Üki keeps only a fingerprint of it.","Показывается один раз. Скопируйте её сейчас: Üki хранит только её отпечаток.","","","dashboard-report.json"
"dashboard.report.shared.audit","dashboard","Opening this link is recorded in the {workspace} audit log.","Каждое открытие этой ссылки записывается в журнал аудита {workspace}.","","","dashboard-report.json"
"dashboard.report.shared.banner","dashboard","{name, select, none {Read-only. Shared by {workspace}.} other {Read-only. Shared by {name}, {workspace}.}} Link expires {date}, {time}.","{name, select, none {Только для чтения. Отправлено: {workspace}.} other {Только для чтения. Отправил(а) {name}, {workspace}.}} Ссылка действует до {date}, {time}.","","","dashboard-report.json"
"dashboard.report.shared.copy.events","dashboard","{count, number} for this session","{count, number} за эту сессию","","","dashboard-report.json"
"dashboard.report.shared.copy.frames","dashboard","{session} of {exam} in this exam","{session} из {exam} на этом экзамене","","","dashboard-report.json"
"dashboard.report.shared.copy.issued","dashboard","Issued","Выдан","","","dashboard-report.json"
"dashboard.report.shared.copy.issuedValue","dashboard","{date} · {time} by Üki","{date} · {time}, Üki","","","dashboard-report.json"
"dashboard.report.shared.copy.keptUntil","dashboard","Frames kept until","Кадры хранятся до","","","dashboard-report.json"
"dashboard.report.shared.copy.keptUntilValue","dashboard","{date}, then deleted","{date}, затем удаляются","","","dashboard-report.json"
"dashboard.report.shared.copy.reportId","dashboard","Report ID","Номер отчёта","","","dashboard-report.json"
"dashboard.report.shared.copy.title","dashboard","This copy","Эта копия","","","dashboard-report.json"
"dashboard.report.shared.decisionNote","dashboard","{decision, select, talk {“Talk to the student” means the proctor wants a conversation, not a sanction. The committee decides any next step.} committee {“Send to the exam committee” means the proctor asks the committee to look at these moments. A flag is not a verdict.} no_issue {“No issue” means the proctor found nothing to follow up. The flags stay in this report for the record.} other {}}","{decision, select, talk {«Поговорить со студентом» значит, что проктор хочет разговора, а не наказания. Дальнейшие шаги решает комиссия.} committee {«Передать в экзаменационную комиссию» значит, что проктор просит комиссию посмотреть на эти моменты. Отметка — не приговор.} no_issue {«Нарушений нет» значит, что проктор не нашёл, что обсуждать. Отметки остаются в отчёте для истории.} other {}}","","","dashboard-report.json"
"dashboard.report.title","dashboard","Integrity report","Отчёт о проверке","","","dashboard-report.json"
"dashboard.report.verify.result","dashboard","{result, select, intact {This code belongs to an Üki integrity report that has not changed since it was issued.} other {This code does not match a current Üki integrity report. The printout may be of an older version.}}","{result, select, intact {Этот код принадлежит отчёту Üki, который не менялся с момента выдачи.} other {Этот код не совпадает с действующим отчётом Üki. Возможно, распечатана старая версия.}}","","","dashboard-report.json"
"dashboard.report.verify.row.date","dashboard","Date","Дата","","","dashboard-report.json"
"dashboard.report.verify.row.exam","dashboard","Exam","Экзамен","","","dashboard-report.json"
"dashboard.review.breadcrumb.exam","dashboard","Review / {exam}","Проверка / {exam}","","","dashboard-review.json"
"dashboard.review.breadcrumb.exams","dashboard","Review / {count, plural, one {# exam} other {# exams}}","Проверка / {count, plural, one {# экзамен} few {# экзамена} many {# экзаменов} other {# экзамена}}","","","dashboard-review.json"
"dashboard.review.breadcrumb.root","dashboard","Review","Проверка","","","dashboard-review.json"
"dashboard.review.column.flags","dashboard","Flags","Отметки","","","dashboard-review.json"
"dashboard.review.column.open","dashboard","Open","Открыть","","","dashboard-review.json"
"dashboard.review.column.status","dashboard","Status","Статус","","","dashboard-review.json"
"dashboard.review.column.student","dashboard","Student","Студент","","","dashboard-review.json"
"dashboard.review.column.time","dashboard","Time","Время","","","dashboard-review.json"
"dashboard.review.duration.days","dashboard","{days} d {hours} h","{days} д {hours} ч","","","dashboard-review.json"
"dashboard.review.duration.hours","dashboard","{hours} h {minutes} min","{hours} ч {minutes} мин","","","dashboard-review.json"
"dashboard.review.duration.minutes","dashboard","{minutes} min {seconds} s","{minutes} мин {seconds} с","","","dashboard-review.json"
"dashboard.review.duration.seconds","dashboard","{seconds} s","{seconds} с","","","dashboard-review.json"
"dashboard.review.empty.filtered","dashboard","No sessions match.","Подходящих сессий нет.","","","dashboard-review.json"
"dashboard.review.empty.to_review","dashboard","Nothing to review. Every flag has a decision.","Проверять нечего. По каждой отметке есть решение.","","","dashboard-review.json"
"dashboard.review.error","dashboard","{code, select, forbidden {You can’t review this session.} not_found {That session no longer exists.} bad_request {That was not accepted. Check the note.} other {Could not reach Üki. Try again.}}","{code, select, forbidden {Вы не можете проверять эту сессию.} not_found {Этой сессии больше нет.} bad_request {Не принято. Проверьте заметку.} other {Не удалось связаться с Üki. Попробуйте ещё раз.}}","","","dashboard-review.json"
"dashboard.review.examLine","dashboard","{exam} · {state, select, live {live now} other {finished {time}}}","{exam} · {state, select, live {идёт сейчас} other {завершён в {time}}}","","","dashboard-review.json"
"dashboard.review.filter.button","dashboard","Flag type","Тип отметки","","","dashboard-review.json"
"dashboard.review.filter.clear","dashboard","Clear","Сбросить","","","dashboard-review.json"
"dashboard.review.filter.header","dashboard","Flag type","Тип отметки","","","dashboard-review.json"
"dashboard.review.filter.show","dashboard","{count, plural, one {Show # flag} other {Show # flags}}","{count, plural, one {Показать # отметку} few {Показать # отметки} many {Показать # отметок} other {Показать # отметки}}","","","dashboard-review.json"
"dashboard.review.flag.camera_lost","dashboard","Camera lost","Камера отключилась","","","dashboard-review.json"
"dashboard.review.flag.face_missing","dashboard","No face","Нет лица","","","dashboard-review.json"
"dashboard.review.flag.face_second","dashboard","Second face","Второе лицо","","","dashboard-review.json"
"dashboard.review.flag.gaze_down","dashboard","Looked down","Взгляд вниз","","","dashboard-review.json"
"dashboard.review.flag.gaze_off_screen","dashboard","Looked away","Взгляд в сторону","","","dashboard-review.json"
"dashboard.review.flag.lock_app_disconnected","dashboard","App closed","Приложение закрыто","","","dashboard-review.json"
"dashboard.review.flag.lock_fullscreen_exit","dashboard","Left full screen","Выход из полноэкранного режима","","","dashboard-review.json"
"dashboard.review.flag.phone_detected","dashboard","Phone in frame","Телефон в кадре","","","dashboard-review.json"
"dashboard.review.flag.proctor_ended","dashboard","Ended by the proctor","Завершено проктором","","","dashboard-review.json"
"dashboard.review.flag.tab_blocked","dashboard","Tab blocked","Вкладка заблокирована","","","dashboard-review.json"
"dashboard.review.preview.open","dashboard","Open review","Открыть проверку","","","dashboard-review.json"
"dashboard.review.preview.still","dashboard","Frame at {time}","Кадр в {time}","","","dashboard-review.json"
"dashboard.review.preview.title","dashboard","{name} · {what}","{name} · {what}","","","dashboard-review.json"
"dashboard.review.principle.body","dashboard","Each flag is a moment with a time and a frame. You decide what it means.","Каждая отметка — это момент со временем и кадром. Что он значит, решаете вы.","","","dashboard-review.json"
"dashboard.review.principle.title","dashboard","Flag ≠ fail.","Отметка ≠ нарушение.","","","dashboard-review.json"
"dashboard.review.row.noTime","dashboard","—","—","","","dashboard-review.json"
"dashboard.review.row.review","dashboard","Review","Проверить","","","dashboard-review.json"
"dashboard.review.search.label","dashboard","Find a student","Найти студента","","","dashboard-review.json"
"dashboard.review.session.breadcrumb","dashboard","Review / {exam} / {index} of {total}","Проверка / {exam} / {index} из {total}","","","dashboard-review.json"
"dashboard.review.session.chip.camera_lost","dashboard","camera lost","камера","","","dashboard-review.json"
"dashboard.review.session.chip.face_missing","dashboard","{seconds, select, none {no face} other {no face {seconds, number, ::.#} s}}","{seconds, select, none {нет лица} other {нет лица {seconds, number, ::.#} с}}","","","dashboard-review.json"
"dashboard.review.session.chip.face_second","dashboard","{seconds, select, none {second face} other {second face {seconds, number, ::.#} s}}","{seconds, select, none {второе лицо} other {второе лицо {seconds, number, ::.#} с}}","","","dashboard-review.json"
"dashboard.review.session.chip.flags","dashboard","{count, plural, one {# flag} other {# flags}}","{count, plural, one {# отметка} few {# отметки} many {# отметок} other {# отметки}}","","","dashboard-review.json"
"dashboard.review.session.chip.gaze_down","dashboard","{seconds, select, none {gaze} other {gaze {seconds, number, ::.#} s}}","{seconds, select, none {взгляд} other {взгляд {seconds, number, ::.#} с}}","","","dashboard-review.json"
"dashboard.review.session.chip.gaze_off_screen","dashboard","{seconds, select, none {gaze} other {gaze {seconds, number, ::.#} s}}","{seconds, select, none {взгляд} other {взгляд {seconds, number, ::.#} с}}","","","dashboard-review.json"
"dashboard.review.session.chip.identity","dashboard","{result, select, matched {identity matched} other {identity not checked}}","{result, select, matched {личность подтверждена} other {личность не проверена}}","","","dashboard-review.json"
"dashboard.review.session.chip.lock_app_disconnected","dashboard","app closed","приложение закрыто","","","dashboard-review.json"
"dashboard.review.session.chip.lock_fullscreen_exit","dashboard","full screen","полный экран","","","dashboard-review.json"
"dashboard.review.session.chip.noVideo","dashboard","no video stored","видео не хранится","","","dashboard-review.json"
"dashboard.review.session.chip.phone_detected","dashboard","{score, select, none {phone} other {phone {score, number, ::.00}}}","{score, select, none {телефон} other {телефон {score, number, ::.00}}}","","","dashboard-review.json"
"dashboard.review.session.chip.proctor_ended","dashboard","ended","завершено","","","dashboard-review.json"
"dashboard.review.session.chip.tab_blocked","dashboard","tab blocked","вкладка","","","dashboard-review.json"
"dashboard.review.session.chip.time","dashboard","{used} of {duration} min","{used} из {duration} мин","","","dashboard-review.json"
"dashboard.review.session.decision.committee.detail","dashboard","{count, plural, =0 {Attach this report and its flags.} one {Attach this report and the frame.} other {Attach this report and the # frames.}}","{count, plural, =0 {Приложить этот отчёт и его отметки.} one {Приложить этот отчёт и # кадр.} few {Приложить этот отчёт и # кадра.} many {Приложить этот отчёт и # кадров.} other {Приложить этот отчёт и # кадра.}}","","","dashboard-review.json"
"dashboard.review.session.decision.committee.title","dashboard","Send to the exam committee","Передать в экзаменационную комиссию","","","dashboard-review.json"
"dashboard.review.session.decision.no_issue.detail","dashboard","Close the flags. Nothing goes to the student.","Закрыть отметки. Студенту ничего не отправляется.","","","dashboard-review.json"
"dashboard.review.session.decision.no_issue.title","dashboard","No issue","Нарушений нет","","","dashboard-review.json"
"dashboard.review.session.decision.talk.detail","dashboard","{what, select, none {Ask what happened.} other {Ask about the {what} at {time}.}}","{what, select, none {Спросите, что произошло.} other {Спросите про «{what}» в {time}.}}","","","dashboard-review.json"
"dashboard.review.session.decision.talk.title","dashboard","Talk to the student","Поговорить со студентом","","","dashboard-review.json"
"dashboard.review.session.decision.title","dashboard","Your decision","Ваше решение","","","dashboard-review.json"
"dashboard.review.session.flags","dashboard","Flags","Отметки","","","dashboard-review.json"
"dashboard.review.session.note","dashboard","Note","Заметка","","","dashboard-review.json"
"dashboard.review.session.save","dashboard","Save and next","Сохранить и дальше","","","dashboard-review.json"
"dashboard.review.session.showFlag","dashboard","Show {flag} at {time}","Показать «{flag}» в {time}","","","dashboard-review.json"
"dashboard.review.session.skip","dashboard","Skip","Пропустить","","","dashboard-review.json"
"dashboard.review.session.stamp","dashboard","{time} · {flag} · {count, plural, =0 {no frame kept} other {frame {index} of {count}}}","{time} · {flag} · {count, plural, =0 {кадр не сохранён} one {кадр {index} из {count}} few {кадр {index} из {count}} many {кадр {index} из {count}} other {кадр {index} из {count}}}","","","dashboard-review.json"
"dashboard.review.session.still","dashboard","Frame {index} of {count} at {time}","Кадр {index} из {count} в {time}","","","dashboard-review.json"
"dashboard.review.session.timeline","dashboard","Timeline","Хронология","","","dashboard-review.json"
"dashboard.review.sessions.title","dashboard","Sessions","Сессии","","","dashboard-review.json"
"dashboard.review.stat.median.caption","dashboard","per flagged session","на сессию с отметками","","","dashboard-review.json"
"dashboard.review.stat.median.label","dashboard","Median review","Медиана проверки","","","dashboard-review.json"
"dashboard.review.stat.median.none","dashboard","—","—","","","dashboard-review.json"
"dashboard.review.stat.noFlags.caption","dashboard","nothing to look at","смотреть нечего","","","dashboard-review.json"
"dashboard.review.stat.noFlags.label","dashboard","No flags","Без отметок","","","dashboard-review.json"
"dashboard.review.stat.reviewed.caption","dashboard","{when, select, today {today, } other {}}by {count, plural, one {# proctor} other {# proctors}}","{when, select, today {сегодня, } other {}}{count, plural, one {# проверяющий} few {# проверяющих} many {# проверяющих} other {# проверяющего}}","","","dashboard-review.json"
"dashboard.review.stat.reviewed.label","dashboard","Reviewed","Проверено","","","dashboard-review.json"
"dashboard.review.stat.reviewed.none","dashboard","no decisions yet","решений пока нет","","","dashboard-review.json"
"dashboard.review.stat.toReview.caption","dashboard","{count, plural, one {# flag in total} other {# flags in total}}","{count, plural, one {всего # отметка} few {всего # отметки} many {всего # отметок} other {всего # отметки}}","","","dashboard-review.json"
"dashboard.review.stat.toReview.label","dashboard","To review","К проверке","","","dashboard-review.json"
"dashboard.review.status.committee","dashboard","Committee","Комиссия","","","dashboard-review.json"
"dashboard.review.status.no_flags","dashboard","No flags","Без отметок","","","dashboard-review.json"
"dashboard.review.status.no_issue","dashboard","No issue","Без нарушений","","","dashboard-review.json"
"dashboard.review.status.talk","dashboard","Talk to student","Беседа","","","dashboard-review.json"
"dashboard.review.status.to_review","dashboard","Needs review","Нужна проверка","","","dashboard-review.json"
"dashboard.review.tab.all","dashboard","All · {count}","Все · {count}","","","dashboard-review.json"
"dashboard.review.tab.reviewed","dashboard","Reviewed · {count}","Проверено · {count}","","","dashboard-review.json"
"dashboard.review.tab.to_review","dashboard","To review · {count}","К проверке · {count}","","","dashboard-review.json"
"dashboard.review.tabs.label","dashboard","Show sessions","Показать сессии","","","dashboard-review.json"
"dashboard.review.title","dashboard","Review","Проверка","","","dashboard-review.json"
"dashboard.review.top.camera_lost","dashboard","Camera lost","Камера отключилась","","","dashboard-review.json"
"dashboard.review.top.face_missing","dashboard","{seconds, select, none {Paused · no face} other {Paused · no face {seconds, number, ::.#} s}}","{seconds, select, none {Пауза · нет лица} other {Пауза · нет лица {seconds, number, ::.#} с}}","","","dashboard-review.json"
"dashboard.review.top.face_second","dashboard","{seconds, select, none {Second face} other {Second face · {seconds, number, ::.#} s}}","{seconds, select, none {Второе лицо} other {Второе лицо · {seconds, number, ::.#} с}}","","","dashboard-review.json"
"dashboard.review.top.gaze_down","dashboard","{count, plural, one {Looked down · {seconds, number, ::.#} s} other {Looked down · {seconds, number, ::.#} s in total}}","{count, plural, one {Взгляд вниз · {seconds, number, ::.#} с} few {Взгляд вниз · всего {seconds, number, ::.#} с} many {Взгляд вниз · всего {seconds, number, ::.#} с} other {Взгляд вниз · всего {seconds, number, ::.#} с}}","","","dashboard-review.json"
"dashboard.review.top.gaze_off_screen","dashboard","{count, plural, one {Looked away · {seconds, number, ::.#} s} other {Looked away · {seconds, number, ::.#} s in total}}","{count, plural, one {Взгляд в сторону · {seconds, number, ::.#} с} few {Взгляд в сторону · всего {seconds, number, ::.#} с} many {Взгляд в сторону · всего {seconds, number, ::.#} с} other {Взгляд в сторону · всего {seconds, number, ::.#} с}}","","","dashboard-review.json"
"dashboard.review.top.lock_app_disconnected","dashboard","App closed while the Lock was on","Приложение закрылось при включённом Lock","","","dashboard-review.json"
"dashboard.review.top.lock_fullscreen_exit","dashboard","Left full screen","Выход из полноэкранного режима","","","dashboard-review.json"
"dashboard.review.top.phone_detected","dashboard","{score, select, none {Phone in frame} other {Phone in frame · {score, number, ::.00}}}","{score, select, none {Телефон в кадре} other {Телефон в кадре · {score, number, ::.00}}}","","","dashboard-review.json"
"dashboard.review.top.proctor_ended","dashboard","Ended by the proctor","Завершено проктором","","","dashboard-review.json"
"dashboard.review.top.tab_blocked","dashboard","New tab blocked","Новая вкладка заблокирована","","","dashboard-review.json"
"dashboard.settings.breadcrumb","dashboard","Admin / Settings","Администрирование / Настройки","","","dashboard-students.json"
"dashboard.settings.checks.gaze.detail","dashboard","Flags looks away over the threshold.","Отмечает взгляд в сторону дольше порога.","","","dashboard-students.json"
"dashboard.settings.checks.gaze.title","dashboard","Gaze control","Контроль взгляда","","","dashboard-students.json"
"dashboard.settings.checks.identity.detail","dashboard","Card and face, matched on the laptop.","Карта и лицо сверяются на ноутбуке.","","","dashboard-students.json"
"dashboard.settings.checks.identity.title","dashboard","Identity check","Проверка личности","","","dashboard-students.json"
"dashboard.settings.checks.lock.detail","dashboard","Other tabs and apps stay closed.","Другие вкладки и приложения остаются закрытыми.","","","dashboard-students.json"
"dashboard.settings.checks.lock.title","dashboard","Browser lock","Блокировка браузера","","","dashboard-students.json"
"dashboard.settings.checks.phone.detail","dashboard","Flags a phone in the camera view.","Отмечает телефон в кадре камеры.","","","dashboard-students.json"
"dashboard.settings.checks.phone.title","dashboard","Phone detection","Обнаружение телефона","","","dashboard-students.json"
"dashboard.settings.checks.second.detail","dashboard","Flags a second face in the frame.","Отмечает второе лицо в кадре.","","","dashboard-students.json"
"dashboard.settings.checks.second.title","dashboard","Second person","Второй человек","","","dashboard-students.json"
"dashboard.settings.checks.title","dashboard","Checks on by default","Проверки по умолчанию","","","dashboard-students.json"
"dashboard.settings.defaults.caption","dashboard","Every new exam starts with these. Each exam can change them.","Каждый новый экзамен начинается с них. В каждом экзамене их можно изменить.","","","dashboard-students.json"
"dashboard.settings.defaults.duration.label","dashboard","Default duration","Длительность по умолчанию","","","dashboard-students.json"
"dashboard.settings.defaults.duration.value","dashboard","{minutes} min","{minutes} мин","","","dashboard-students.json"
"dashboard.settings.defaults.gaze.label","dashboard","Gaze threshold","Порог взгляда","","","dashboard-students.json"
"dashboard.settings.defaults.gaze.value","dashboard","{seconds, plural, one {# second} other {# seconds}}","{seconds, plural, one {# секунда} few {# секунды} many {# секунд} other {# секунды}}","","","dashboard-students.json"
"dashboard.settings.defaults.lobby.label","dashboard","Lobby opens","Лобби открывается","","","dashboard-students.json"
"dashboard.settings.defaults.lobby.value","dashboard","{minutes} min before the start","за {minutes} мин до начала","","","dashboard-students.json"
"dashboard.settings.defaults.phone.label","dashboard","Phone confidence","Уверенность для телефона","","","dashboard-students.json"
"dashboard.settings.defaults.phone.value","dashboard","{score, number, ::.00}","{score, number, ::.00}","","","dashboard-students.json"
"dashboard.settings.defaults.retention.label","dashboard","Keep flagged frames","Хранить отмеченные кадры","","","dashboard-students.json"
"dashboard.settings.defaults.retention.value","dashboard","{days, plural, one {# day} other {# days}}","{days, plural, one {# день} few {# дня} many {# дней} other {# дня}}","","","dashboard-students.json"
"dashboard.settings.defaults.rulesLanguage.kk","dashboard","Қазақша","Қазақша","","","dashboard-students.json"
"dashboard.settings.defaults.rulesLanguage.label","dashboard","Rules language","Язык правил","","","dashboard-students.json"
"dashboard.settings.defaults.title","dashboard","New exam defaults","Настройки новых экзаменов","","","dashboard-students.json"
"dashboard.settings.error.failed","dashboard","The settings were not saved. Try again.","Настройки не сохранены. Попробуйте ещё раз.","","","dashboard-students.json"
"dashboard.settings.error.forbidden","dashboard","Only the exam office can change these settings.","Изменять эти настройки может только экзаменационный отдел.","","","dashboard-students.json"
"dashboard.settings.error.invalid","dashboard","That value is not allowed.","Такое значение недопустимо.","","","dashboard-students.json"
"dashboard.settings.saved","dashboard","Settings saved. The next new exam starts with them.","Настройки сохранены. Следующий новый экзамен начнётся с них.","","","dashboard-students.json"
"dashboard.settings.title","dashboard","Settings","Настройки","","","dashboard-students.json"
"dashboard.shell.account.language","dashboard","Language","Язык","","","dashboard.json"
"dashboard.shell.lookupFailed.body","dashboard","Your account did not load, so this page cannot open yet. Try again in a moment.","Ваша учётная запись не загрузилась, поэтому страница пока не открывается. Попробуйте ещё раз через минуту.","","","dashboard.json"
"dashboard.shell.lookupFailed.retry","dashboard","Try again","Попробовать снова","","","dashboard.json"
"dashboard.shell.lookupFailed.title","dashboard","Could not reach Üki","Не удалось связаться с Üki","","","dashboard.json"
"dashboard.shell.nav.exams","dashboard","Exams","Экзамены","","","dashboard.json"
"dashboard.shell.nav.live","dashboard","Live","Наблюдение","","","dashboard.json"
"dashboard.shell.nav.overview","dashboard","Overview","Обзор","","","dashboard.json"
"dashboard.shell.nav.privacy","dashboard","Privacy","Конфиденциальность","","","dashboard.json"
"dashboard.shell.nav.reports","dashboard","Reports","Отчёты","","","dashboard.json"
"dashboard.shell.nav.review","dashboard","Review","Проверка","","","dashboard.json"
"dashboard.shell.nav.settings","dashboard","Settings","Настройки","","","dashboard.json"
"dashboard.shell.nav.students","dashboard","Students","Студенты","","","dashboard.json"
"dashboard.shell.navLabel","dashboard","Dashboard","Панель управления","","","dashboard.json"
"dashboard.shell.note.body","dashboard","Video never leaves student laptops. Only events and flagged frames travel.","Видео не покидает ноутбуки студентов. Передаются только события и отмеченные кадры.","","","dashboard.json"
"dashboard.shell.note.title","dashboard","On device","На устройстве","","","dashboard.json"
"dashboard.shell.role.admin","dashboard","Admin","Администратор","","","dashboard.json"
"dashboard.shell.role.exam_office","dashboard","Exam office","Экзаменационный отдел","","","dashboard.json"
"dashboard.shell.role.proctor","dashboard","Proctor","Проктор","","","dashboard.json"
"dashboard.shell.section.admin","dashboard","Admin","Управление","","","dashboard.json"
"dashboard.shell.section.workspace","dashboard","Workspace","Рабочее пространство","","","dashboard.json"
"dashboard.shell.signOut","dashboard","Log out","Выйти","","","dashboard.json"
"dashboard.shell.toast.close","dashboard","Close","Закрыть","","","dashboard.json"
"dashboard.shell.toast.label","dashboard","Notifications","Уведомления","","","dashboard.json"
"dashboard.shell.workspace.allFaculties","dashboard","All faculties","Все факультеты","","","dashboard.json"
"dashboard.signIn.brand.body","dashboard","Üki watches on the laptop. Only events and flagged frames leave it. A person reviews every flag.","Üki наблюдает на ноутбуке. Наружу уходят только события и отмеченные кадры. Каждую отметку проверяет человек.","","","dashboard.json"
"dashboard.signIn.brand.fact.human","dashboard","Every flag gets a human decision","По каждой отметке решает человек","","","dashboard.json"
"dashboard.signIn.brand.fact.languages","dashboard","Kazakh, Russian, English","Казахский, русский, английский","","","dashboard.json"
"dashboard.signIn.brand.fact.video","dashboard","Video never leaves the laptop","Видео не покидает ноутбук","","","dashboard.json"
"dashboard.signIn.brand.overline","dashboard","KRU · Kostanay · Exam office","КРУ · Костанай · Экзаменационный отдел","","","dashboard.json"
"dashboard.signIn.brand.title","dashboard","Exams that stay on the student’s laptop.","Экзамены, которые остаются на ноутбуке студента.","","","dashboard.json"
"dashboard.signIn.copyright","dashboard","© 2026 Üki · Kostanay","© 2026 Üki · Костанай","","","dashboard.json"
"dashboard.signIn.email","dashboard","Work email","Рабочая почта","","","dashboard.json"
"dashboard.signIn.error.credentials","dashboard","The email or password is wrong.","Неверная почта или пароль.","","","dashboard.json"
"dashboard.signIn.error.email","dashboard","Enter your work email.","Введите рабочую почту.","","","dashboard.json"
"dashboard.signIn.error.notStaff","dashboard","This account cannot use the dashboard.","Эта учётная запись не может работать в панели.","","","dashboard.json"
"dashboard.signIn.error.password","dashboard","Enter your password.","Введите пароль.","","","dashboard.json"
"dashboard.signIn.error.rateLimited","dashboard","Too many tries. Wait a minute, then try again.","Слишком много попыток. Подождите минуту и попробуйте снова.","","","dashboard.json"
"dashboard.signIn.error.unavailable","dashboard","Sign-in is unavailable right now. Try again.","Вход сейчас недоступен. Попробуйте ещё раз.","","","dashboard.json"
"dashboard.signIn.hidePassword","dashboard","Hide password","Скрыть пароль","","","dashboard.json"
"dashboard.signIn.keep","dashboard","Keep me signed in for 12 hours","Не выходить 12 часов","","","dashboard.json"
"dashboard.signIn.lead","dashboard","Use the email your exam office invited.","Используйте почту, на которую пришло приглашение экзаменационного отдела.","","","dashboard.json"
"dashboard.signIn.legal","dashboard","Privacy  ·  Terms","Конфиденциальность  ·  Условия","","","dashboard.json"
"dashboard.signIn.noAccount","dashboard","No account? Your exam office sends the invitation email.","Нет учётной записи? Приглашение присылает экзаменационный отдел.","","","dashboard.json"
"dashboard.signIn.password","dashboard","Password","Пароль","","","dashboard.json"
"dashboard.signIn.showPassword","dashboard","Show password","Показать пароль","","","dashboard.json"
"dashboard.signIn.submit","dashboard","Sign in","Войти","","","dashboard.json"
"dashboard.signIn.title","dashboard","Sign in to Üki.","Вход в Üki.","","","dashboard.json"
"dashboard.students.breadcrumb","dashboard","Students / {scope}","Студенты / {scope}","","","dashboard-students.json"
"dashboard.students.column.exams","dashboard","Exams","Экзамены","","","dashboard-students.json"
"dashboard.students.column.flags","dashboard","Flags","Отметки","","","dashboard-students.json"
"dashboard.students.column.group","dashboard","Group","Группа","","","dashboard-students.json"
"dashboard.students.column.lastExam","dashboard","Last exam","Последний экзамен","","","dashboard-students.json"
"dashboard.students.column.status","dashboard","Status","Статус","","","dashboard-students.json"
"dashboard.students.column.student","dashboard","Student","Студент","","","dashboard-students.json"
"dashboard.students.decision.committee","dashboard","committee","комиссия","","","dashboard-students.json"
"dashboard.students.decision.no_issue","dashboard","no issue","без нарушений","","","dashboard-students.json"
"dashboard.students.decision.talk","dashboard","follow-up","беседа","","","dashboard-students.json"
"dashboard.students.empty.filtered","dashboard","No student matches the search and filters.","Ни один студент не подходит под поиск и фильтры.","","","dashboard-students.json"
"dashboard.students.empty.none","dashboard","No students yet. They arrive with an exam’s roster.","Студентов пока нет. Они появляются со списком экзамена.","","","dashboard-students.json"
"dashboard.students.filter.group.all","dashboard","All groups","Все группы","","","dashboard-students.json"
"dashboard.students.filter.group.label","dashboard","Group","Группа","","","dashboard-students.json"
"dashboard.students.filter.programme.all","dashboard","All programmes","Все программы","","","dashboard-students.json"
"dashboard.students.filter.programme.label","dashboard","Programme","Программа","","","dashboard-students.json"
"dashboard.students.filter.year.all","dashboard","All years","Все курсы","","","dashboard-students.json"
"dashboard.students.filter.year.label","dashboard","Year","Курс","","","dashboard-students.json"
"dashboard.students.filter.year.value","dashboard","Year {year}","{year} курс","","","dashboard-students.json"
"dashboard.students.footer.next","dashboard","Next page","Следующая страница","","","dashboard-students.json"
"dashboard.students.footer.previous","dashboard","Previous page","Предыдущая страница","","","dashboard-students.json"
"dashboard.students.footer.range","dashboard","{from}–{to} of {total}","{from}–{to} из {total}","","","dashboard-students.json"
"dashboard.students.language.en","dashboard","English","English","","","dashboard-students.json"
"dashboard.students.language.kk","dashboard","Қазақша","Қазақша","","","dashboard-students.json"
"dashboard.students.language.ru","dashboard","Русский","Русский","","","dashboard-students.json"
"dashboard.students.profile.breadcrumb","dashboard","Students / {group}","Студенты / {group}","","","dashboard-students.json"
"dashboard.students.profile.consent.accepted","dashboard","Accepted {date}, {time}","Приняты {date}, {time}","","","dashboard-students.json"
"dashboard.students.profile.consent.notYet","dashboard","Not accepted yet","Ещё не приняты","","","dashboard-students.json"
"dashboard.students.profile.consent.rules","dashboard","Exam rules","Правила экзамена","","","dashboard-students.json"
"dashboard.students.profile.consent.rulesIn","dashboard","Exam rules · {language}","Правила экзамена · {language}","","","dashboard-students.json"
"dashboard.students.profile.consent.title","dashboard","Consent","Согласие","","","dashboard-students.json"
"dashboard.students.profile.devices.app","dashboard","Üki {version} · seen {seen}","Üki {version} · в сети {seen}","","","dashboard-students.json"
"dashboard.students.profile.devices.empty","dashboard","No device yet: the app reports one when the student joins an exam.","Устройств пока нет: приложение сообщает о нём, когда студент входит на экзамен.","","","dashboard-students.json"
"dashboard.students.profile.devices.lock","dashboard","Üki Lock","Üki Lock","","","dashboard-students.json"
"dashboard.students.profile.devices.lockIn","dashboard","Üki Lock in {browser}","Üki Lock в {browser}","","","dashboard-students.json"
"dashboard.students.profile.devices.lockVersion","dashboard","Üki Lock {version} · seen {seen}","Üki Lock {version} · в сети {seen}","","","dashboard-students.json"
"dashboard.students.profile.devices.notSeen","dashboard","not yet","ещё нет","","","dashboard-students.json"
"dashboard.students.profile.devices.os.macos","dashboard","macOS","macOS","","","dashboard-students.json"
"dashboard.students.profile.devices.os.windows","dashboard","Windows","Windows","","","dashboard-students.json"
"dashboard.students.profile.devices.title","dashboard","Devices","Устройства","","","dashboard-students.json"
"dashboard.students.profile.history.detail","dashboard","{time} · {flags}","{time} · {flags}","","","dashboard-students.json"
"dashboard.students.profile.history.duration","dashboard","{duration} min","{duration} мин","","","dashboard-students.json"
"dashboard.students.profile.history.empty","dashboard","No exams yet.","Экзаменов пока нет.","","","dashboard-students.json"
"dashboard.students.profile.history.flags","dashboard","{count, plural, one {# flag} other {# flags}}","{count, plural, one {# отметка} few {# отметки} many {# отметок} other {# отметки}}","","","dashboard-students.json"
"dashboard.students.profile.history.title","dashboard","Exam history","История экзаменов","","","dashboard-students.json"
"dashboard.students.profile.history.used","dashboard","{used} of {duration} min","{used} из {duration} мин","","","dashboard-students.json"
"dashboard.students.profile.kept.delete","dashboard","Delete on request","Удалить по запросу","","","dashboard-students.json"
"dashboard.students.profile.kept.deletedOn","dashboard","Deleted on {date}","Удаляются {date}","","","dashboard-students.json"
"dashboard.students.profile.kept.events","dashboard","{count, plural, one {Event log · # exam} other {Event log · # exams}}","{count, plural, one {Журнал событий · # экзамен} few {Журнал событий · # экзамена} many {Журнал событий · # экзаменов} other {Журнал событий · # экзамена}}","","","dashboard-students.json"
"dashboard.students.profile.kept.eventsKept","dashboard","Kept until a delete request","Хранится до запроса на удаление","","","dashboard-students.json"
"dashboard.students.profile.kept.frames","dashboard","Flagged frames · {count}","Отмеченные кадры · {count}","","","dashboard-students.json"
"dashboard.students.profile.kept.noFrames","dashboard","None kept","Не хранятся","","","dashboard-students.json"
"dashboard.students.profile.kept.title","dashboard","Data kept","Хранимые данные","","","dashboard-students.json"
"dashboard.students.profile.kept.video","dashboard","Video · 0 MB","Видео · 0 МБ","","","dashboard-students.json"
"dashboard.students.profile.kept.videoNever","dashboard","Never uploaded","Никогда не загружается","","","dashboard-students.json"
"dashboard.students.profile.stat.decisions.caption","dashboard","{latest} · {committee} to committee","{latest} · в комиссию: {committee}","","","dashboard-students.json"
"dashboard.students.profile.stat.decisions.label","dashboard","Decisions","Решения","","","dashboard-students.json"
"dashboard.students.profile.stat.exams.caption","dashboard","since {date}","с {date}","","","dashboard-students.json"
"dashboard.students.profile.stat.exams.label","dashboard","Exams","Экзамены","","","dashboard-students.json"
"dashboard.students.profile.stat.flags.caption","dashboard","{count} in {course}","{count} по курсу «{course}»","","","dashboard-students.json"
"dashboard.students.profile.stat.flags.label","dashboard","Flags","Отметки","","","dashboard-students.json"
"dashboard.students.profile.title","dashboard","Student profile","Профиль студента","","","dashboard-students.json"
"dashboard.students.row.group","dashboard","Group {code}","Группа {code}","","","dashboard-students.json"
"dashboard.students.row.noGroup","dashboard","No group","Без группы","","","dashboard-students.json"
"dashboard.students.row.programmeYear","dashboard","{programme}, year {year}","{programme}, {year} курс","","","dashboard-students.json"
"dashboard.students.search.label","dashboard","Search students by name or student ID","Поиск студента по имени или номеру","","","dashboard-students.json"
"dashboard.students.search.placeholder","dashboard","Name or student ID","Имя или номер студента","","","dashboard-students.json"
"dashboard.students.stat.flagged.caption","dashboard","{share} of students","{share} студентов","","","dashboard-students.json"
"dashboard.students.stat.flagged.label","dashboard","Flagged this term","С отметками в этом семестре","","","dashboard-students.json"
"dashboard.students.stat.students.caption","dashboard","{count, plural, one {in # faculty} other {in # faculties}}","{count, plural, one {на # факультете} few {на # факультетах} many {на # факультетах} other {на # факультета}}","","","dashboard-students.json"
"dashboard.students.stat.students.label","dashboard","Students","Студенты","","","dashboard-students.json"
"dashboard.students.status.clear","dashboard","clear","без отметок","","","dashboard-students.json"
"dashboard.students.status.committee","dashboard","committee","комиссия","","","dashboard-students.json"
"dashboard.students.status.followUp","dashboard","follow-up","беседа","","","dashboard-students.json"
"dashboard.students.status.inReview","dashboard","in review","на проверке","","","dashboard-students.json"
"dashboard.students.status.noIssue","dashboard","no issue","без нарушений","","","dashboard-students.json"
"dashboard.students.tab.all","dashboard","All · {count}","Все · {count}","","","dashboard-students.json"
"dashboard.students.tab.flagged","dashboard","Flagged · {count}","С отметками · {count}","","","dashboard-students.json"
"dashboard.students.tab.label","dashboard","Show students","Показать студентов","","","dashboard-students.json"
"dashboard.students.table.title","dashboard","Students","Студенты","","","dashboard-students.json"
"dashboard.students.title","dashboard","Students","Студенты","","","dashboard-students.json"
"dashboard.wall.action.end","dashboard","End session","Завершить сессию","","","dashboard-wall.json"
"dashboard.wall.action.header","dashboard","{name} · {number}","{name} · {number}","","","dashboard-wall.json"
"dashboard.wall.action.markReviewed","dashboard","Mark reviewed","Отметить как проверено","","","dashboard-review.json"
"dashboard.wall.action.message","dashboard","Message","Написать","","","dashboard-wall.json"
"dashboard.wall.action.pause","dashboard","Pause exam","Приостановить экзамен","","","dashboard-wall.json"
"dashboard.wall.action.resume","dashboard","Resume exam","Продолжить экзамен","","","dashboard-wall.json"
"dashboard.wall.action.timeline","dashboard","Open timeline","Открыть хронологию","","","dashboard-wall.json"
"dashboard.wall.breadcrumb","dashboard","Live / {exam} · {left} left","Наблюдение / {exam} · осталось {left}","","","dashboard-wall.json"
"dashboard.wall.drawer.addNote","dashboard","Add note","Добавить заметку","","","dashboard-review.json"
"dashboard.wall.drawer.close","dashboard","Close timeline","Закрыть хронологию","","","dashboard-wall.json"
"dashboard.wall.drawer.loading","dashboard","Loading the timeline","Загружаем хронологию","","","dashboard-wall.json"
"dashboard.wall.drawer.messageLabel","dashboard","{pronoun, select, he {Quick message · sent in his language} she {Quick message · sent in her language} other {Quick message · sent in their language}}","{pronoun, select, he {Быстрое сообщение · на его языке} she {Быстрое сообщение · на её языке} other {Быстрое сообщение · на языке студента}}","","","dashboard-wall.json"
"dashboard.wall.drawer.meta","dashboard","{number}{seat, select, none {} other { · seat {seat}}}{os, select, macos { · macOS} windows { · Windows} other {}}","{number}{seat, select, none {} other { · место {seat}}}{os, select, macos { · macOS} windows { · Windows} other {}}","","","dashboard-wall.json"
"dashboard.wall.drawer.noteLabel","dashboard","Note","Заметка","","","dashboard-review.json"
"dashboard.wall.drawer.phoneChip","dashboard","phone {score, number, ::.00}","телефон {score, number, ::.00}","","","dashboard-wall.json"
"dashboard.wall.drawer.question","dashboard","Q {question} of {total}","Вопрос {question} из {total}","","","dashboard-wall.json"
"dashboard.wall.drawer.questionNoTotal","dashboard","Q {question}","Вопрос {question}","","","dashboard-wall.json"
"dashboard.wall.drawer.send","dashboard","Send","Отправить","","","dashboard-wall.json"
"dashboard.wall.drawer.state","dashboard","{state, select, paused {paused} no_signal {no signal} submitted {submitted} time_up {time up} ended {ended} lobby {checking in} other {on screen now}}","{state, select, paused {на паузе} no_signal {нет сигнала} submitted {сдано} time_up {время вышло} ended {завершено} lobby {проходит регистрацию} other {сейчас на экране}}","","","dashboard-wall.json"
"dashboard.wall.drawer.still","dashboard","Still {index} of {count}, {time}","Снимок {index} из {count}, {time}","","","dashboard-wall.json"
"dashboard.wall.drawer.stills","dashboard","Stills","Снимки","","","dashboard-wall.json"
"dashboard.wall.drawer.timeline","dashboard","Timeline","Хронология","","","dashboard-wall.json"
"dashboard.wall.end.body","dashboard","{pronoun, select, he {His answers so far are saved and he can’t continue.} she {Her answers so far are saved and she can’t continue.} other {Their answers so far are saved and they can’t continue.}} The exam office sees your reason in the report.","{pronoun, select, he {Его ответы на этот момент сохранятся, продолжить он не сможет.} she {Её ответы на этот момент сохранятся, продолжить она не сможет.} other {Ответы на этот момент сохранятся, продолжить будет нельзя.}} Экзаменационный отдел увидит вашу причину в отчёте.","","","dashboard-wall.json"
"dashboard.wall.end.cancel","dashboard","{pronoun, select, he {Keep him writing} she {Keep her writing} other {Keep them writing}}","{pronoun, select, he {Пусть пишет дальше} she {Пусть пишет дальше} other {Пусть пишет дальше}}","","","dashboard-wall.json"
"dashboard.wall.end.confirm","dashboard","End exam","Завершить экзамен","","","dashboard-wall.json"
"dashboard.wall.end.helper","dashboard","Goes into the integrity report · {count}/{max}","Попадёт в отчёт о добросовестности · {count}/{max}","","","dashboard-wall.json"
"dashboard.wall.end.reason","dashboard","Reason (required)","Причина (обязательно)","","","dashboard-wall.json"
"dashboard.wall.end.title","dashboard","End {name}’s exam?","Завершить экзамен: {name}?","","","dashboard-wall.json"
"dashboard.wall.error","dashboard","{code, select, forbidden {You can’t send commands for this exam.} not_found {That session no longer exists.} conflict {The session changed before the command arrived. Nothing was sent.} unauthorized {Your sign-in has expired. Sign in again.} rate_limited {Too many commands at once. Try again in a moment.} bad_request {That command was not accepted.} other {Could not reach Üki. Try again.}}","{code, select, forbidden {Вы не можете отправлять команды на этом экзамене.} not_found {Этой сессии больше нет.} conflict {Сессия изменилась раньше, чем пришла команда. Ничего не отправлено.} unauthorized {Срок входа истёк. Войдите снова.} rate_limited {Слишком много команд сразу. Попробуйте через минуту.} bad_request {Команда не принята.} other {Не удалось связаться с Üki. Попробуйте снова.}}","","","dashboard-wall.json"
"dashboard.wall.event.answer_saved.title","dashboard","Answer saved","Ответ сохранён","","","dashboard-wall.json"
"dashboard.wall.event.browser_locked.title","dashboard","Browser locked, other tabs closed","Браузер заблокирован, другие вкладки закрыты","","","dashboard-wall.json"
"dashboard.wall.event.camera_lost.detail","dashboard","Camera stopped sending frames","Камера перестала передавать кадры","","","dashboard-wall.json"
"dashboard.wall.event.camera_lost.feed","dashboard","camera lost","камера отключилась","","","dashboard-wall.json"
"dashboard.wall.event.camera_lost.title","dashboard","Camera lost","Камера отключилась","","","dashboard-wall.json"
"dashboard.wall.event.copy_blocked.detail","dashboard","{kind, select, copy {Copy} cut {Cut} paste {Paste} other {Print}}","{kind, select, copy {Копирование} cut {Вырезание} paste {Вставка} other {Печать}}","","","dashboard-wall.json"
"dashboard.wall.event.copy_blocked.feed","dashboard","copy blocked","копирование заблокировано","","","dashboard-wall.json"
"dashboard.wall.event.copy_blocked.title","dashboard","Copy or paste blocked in Üki Lock","Копирование или вставка заблокированы в Üki Lock","","","dashboard-wall.json"
"dashboard.wall.event.exam_started.title","dashboard","Exam started","Экзамен начался","","","dashboard-wall.json"
"dashboard.wall.event.exam_submitted.detail","dashboard","Time used {duration}","Затрачено {duration}","","","dashboard-wall.json"
"dashboard.wall.event.exam_submitted.title","dashboard","Answers handed in","Ответы сданы","","","dashboard-wall.json"
"dashboard.wall.event.exam_time_up.title","dashboard","Time ran out, answers handed in","Время вышло, ответы сданы","","","dashboard-wall.json"
"dashboard.wall.event.face_missing.detail","dashboard","{seconds, number, ::.#} s","{seconds, number, ::.#} с","","","dashboard-wall.json"
"dashboard.wall.event.face_missing.feed","dashboard","no face","нет лица","","","dashboard-wall.json"
"dashboard.wall.event.face_missing.title","dashboard","No face in frame","Нет лица в кадре","","","dashboard-wall.json"
"dashboard.wall.event.face_second.detail","dashboard","Someone leaned in for {seconds, number, ::.#} s","Кто-то заглянул в кадр на {seconds, number, ::.#} с","","","dashboard-wall.json"
"dashboard.wall.event.face_second.feed","dashboard","second face","второе лицо","","","dashboard-wall.json"
"dashboard.wall.event.face_second.title","dashboard","Second face","Второе лицо","","","dashboard-wall.json"
"dashboard.wall.event.gaze_down.detail","dashboard","{seconds, number, ::.#} s","{seconds, number, ::.#} с","","","dashboard-wall.json"
"dashboard.wall.event.gaze_down.feed","dashboard","looked down","взгляд вниз","","","dashboard-wall.json"
"dashboard.wall.event.gaze_down.title","dashboard","Looked down","Взгляд вниз","","","dashboard-wall.json"
"dashboard.wall.event.gaze_off_screen.detail","dashboard","{seconds, number, ::.#} s, {direction, select, left {to the left} right {to the right} other {up}}","{seconds, number, ::.#} с, {direction, select, left {влево} right {вправо} other {вверх}}","","","dashboard-wall.json"
"dashboard.wall.event.gaze_off_screen.feed","dashboard","looked away","взгляд в сторону","","","dashboard-wall.json"
"dashboard.wall.event.gaze_off_screen.repeat","dashboard","{count, plural, =2 {Second} =3 {Third} =4 {Fourth} =5 {Fifth} other {{count, selectordinal, one {#st} two {#nd} few {#rd} other {#th}}}} time, {seconds, number, ::.#} s in total","{count, plural, =2 {Второй} =3 {Третий} =4 {Четвёртый} =5 {Пятый} other {{count, selectordinal, other {#-й}}}} раз, всего {seconds, number, ::.#} с","","","dashboard-wall.json"
"dashboard.wall.event.gaze_off_screen.title","dashboard","Looked away","Взгляд в сторону","","","dashboard-wall.json"
"dashboard.wall.event.gaze_on_screen.title","dashboard","On screen again","Снова смотрит на экран","","","dashboard-wall.json"
"dashboard.wall.event.identity_matched.detail","dashboard","Similarity {score, number, ::.00} · {tries, plural, one {# try} other {# tries}}","Сходство {score, number, ::.00} · {tries, plural, one {# попытка} few {# попытки} many {# попыток} other {# попытки}}","","","dashboard-wall.json"
"dashboard.wall.event.identity_matched.title","dashboard","Card and face matched at check-in","Билет и лицо совпали при входе","","","dashboard-wall.json"
"dashboard.wall.event.lock_app_disconnected.detail","dashboard","{side, select, lock {Üki Lock went away} other {The app closed}}","{side, select, lock {Üki Lock отключился} other {Приложение закрылось}}","","","dashboard-wall.json"
"dashboard.wall.event.lock_app_disconnected.feed","dashboard","app disconnected","приложение отключилось","","","dashboard-wall.json"
"dashboard.wall.event.lock_app_disconnected.title","dashboard","Üki app closed while Üki Lock was on","Приложение Üki закрылось при включённом Üki Lock","","","dashboard-wall.json"
"dashboard.wall.event.lock_fullscreen_exit.detail","dashboard","{count, plural, one {# time} other {# times}} this session","{count, plural, one {# раз} few {# раза} many {# раз} other {# раза}} за сессию","","","dashboard-wall.json"
"dashboard.wall.event.lock_fullscreen_exit.feed","dashboard","left full screen","выход из полноэкранного режима","","","dashboard-wall.json"
"dashboard.wall.event.lock_fullscreen_exit.title","dashboard","Left full screen","Выход из полноэкранного режима","","","dashboard-wall.json"
"dashboard.wall.event.net_offline.detail","dashboard","{seconds, number, ::.#} s offline · {queued, plural, one {# event} other {# events}} queued","{seconds, number, ::.#} с без сети · в очереди {queued, plural, one {# событие} few {# события} many {# событий} other {# события}}","","","dashboard-wall.json"
"dashboard.wall.event.net_offline.feed","dashboard","network lost","сеть потеряна","","","dashboard-wall.json"
"dashboard.wall.event.net_offline.title","dashboard","Network lost","Сеть потеряна","","","dashboard-wall.json"
"dashboard.wall.event.phone_detected.detail","dashboard","Confidence {score, number, ::.00}{kept, select, yes { · frame kept} other {}}","Уверенность {score, number, ::.00}{kept, select, yes { · кадр сохранён} other {}}","","","dashboard-wall.json"
"dashboard.wall.event.phone_detected.feed","dashboard","phone in frame","телефон в кадре","","","dashboard-wall.json"
"dashboard.wall.event.phone_detected.held","dashboard","Held for {seconds, number, ::.#} s","В кадре {seconds, number, ::.#} с","","","dashboard-wall.json"
"dashboard.wall.event.phone_detected.title","dashboard","Phone in frame","Телефон в кадре","","","dashboard-wall.json"
"dashboard.wall.event.proctor_by","dashboard","By {name}","Проктор: {name}","","","dashboard-wall.json"
"dashboard.wall.event.proctor_ended.detail","dashboard","{reason}","{reason}","","","dashboard-wall.json"
"dashboard.wall.event.proctor_ended.feed","dashboard","ended by the proctor","завершено проктором","","","dashboard-wall.json"
"dashboard.wall.event.proctor_ended.title","dashboard","Ended by the proctor","Завершено проктором","","","dashboard-wall.json"
"dashboard.wall.event.proctor_message.detail","dashboard","“{text}”","«{text}»","","","dashboard-wall.json"
"dashboard.wall.event.proctor_message.feed","dashboard","message sent","сообщение отправлено","","","dashboard-wall.json"
"dashboard.wall.event.proctor_message.title","dashboard","Message sent","Сообщение отправлено","","","dashboard-wall.json"
"dashboard.wall.event.proctor_note.detail","dashboard","“{text}”","«{text}»","","","dashboard-wall.json"
"dashboard.wall.event.proctor_note.title","dashboard","Note","Заметка","","","dashboard-wall.json"
"dashboard.wall.event.proctor_paused.feed","dashboard","paused by the proctor","приостановлено проктором","","","dashboard-wall.json"
"dashboard.wall.event.proctor_paused.title","dashboard","Paused by the proctor","Приостановлено проктором","","","dashboard-wall.json"
"dashboard.wall.event.proctor_resumed.feed","dashboard","resumed by the proctor","продолжено проктором","","","dashboard-wall.json"
"dashboard.wall.event.proctor_resumed.title","dashboard","Resumed by the proctor","Продолжено проктором","","","dashboard-wall.json"
"dashboard.wall.event.proctor_time_added.detail","dashboard","{scope, select, group {Everyone} other {This student}}","{scope, select, group {Всем} other {Этому студенту}}","","","dashboard-wall.json"
"dashboard.wall.event.proctor_time_added.feed","dashboard","time added · +{minutes} min","добавлено время · +{minutes} мин","","","dashboard-wall.json"
"dashboard.wall.event.proctor_time_added.title","dashboard","Time added · +{minutes} min","Добавлено время · +{minutes} мин","","","dashboard-wall.json"
"dashboard.wall.event.session_paused.detail","dashboard","{reason, select, face_missing {No face} camera_lost {Camera lost} other {By the proctor}} · timer stopped","{reason, select, face_missing {Нет лица} camera_lost {Камера отключилась} other {Проктором}} · таймер остановлен","","","dashboard-wall.json"
"dashboard.wall.event.session_paused.feed","dashboard","session paused","сессия приостановлена","","","dashboard-wall.json"
"dashboard.wall.event.session_paused.title","dashboard","Session paused","Сессия приостановлена","","","dashboard-wall.json"
"dashboard.wall.event.session_resumed.detail","dashboard","Paused for {seconds, number, ::.#} s","Пауза длилась {seconds, number, ::.#} с","","","dashboard-wall.json"
"dashboard.wall.event.session_resumed.title","dashboard","Session resumed","Сессия продолжена","","","dashboard-wall.json"
"dashboard.wall.event.site_closed.detail","dashboard","{host}","{host}","","","dashboard-wall.json"
"dashboard.wall.event.site_closed.feed","dashboard","blocked site closed","запрещённый сайт закрыт","","","dashboard-wall.json"
"dashboard.wall.event.site_closed.title","dashboard","Blocked site closed","Запрещённый сайт закрыт","","","dashboard-wall.json"
"dashboard.wall.event.student_help_requested.feed","dashboard","asked for help","просит помощи","","","dashboard-wall.json"
"dashboard.wall.event.student_help_requested.title","dashboard","Asked for help","Просит помощи","","","dashboard-wall.json"
"dashboard.wall.event.tab_blocked.detail","dashboard","{target, select, named {Tried to open {name}} lock {Tried to open a browser tab} other {Tried to open another tab or app}}","{target, select, named {Попытка открыть {name}} lock {Попытка открыть вкладку браузера} other {Попытка открыть другую вкладку или приложение}}","","","dashboard-wall.json"
"dashboard.wall.event.tab_blocked.feed","dashboard","new tab blocked","новая вкладка заблокирована","","","dashboard-wall.json"
"dashboard.wall.event.tab_blocked.title","dashboard","New tab blocked","Новая вкладка заблокирована","","","dashboard-wall.json"
"dashboard.wall.extend.add","dashboard","Add","Добавить","","","dashboard-wall.json"
"dashboard.wall.extend.everyone","dashboard","Everyone · {count}","Всем · {count}","","","dashboard-wall.json"
"dashboard.wall.extend.note","dashboard","Ends at {newEnd} instead of {oldEnd}. Students see the new time at once.","Окончание в {newEnd} вместо {oldEnd}. Студенты сразу увидят новое время.","","","dashboard-wall.json"
"dashboard.wall.extend.option","dashboard","+{minutes} min","+{minutes} мин","","","dashboard-wall.json"
"dashboard.wall.extend.submit","dashboard","Add {minutes} minutes","Добавить {minutes, plural, one {# минуту} few {# минуты} many {# минут} other {# минуты}}","","","dashboard-wall.json"
"dashboard.wall.extend.title","dashboard","Extend time","Добавить время","","","dashboard-wall.json"
"dashboard.wall.extend.who","dashboard","Who","Кому","","","dashboard-wall.json"
"dashboard.wall.extendTime","dashboard","Extend time","Добавить время","","","dashboard-wall.json"
"dashboard.wall.feed.row","dashboard","{name} · {event}","{name} · {event}","","","dashboard-wall.json"
"dashboard.wall.feed.title","dashboard","Live events","События","","","dashboard-wall.json"
"dashboard.wall.filter.paused","dashboard","Paused · {count}","На паузе · {count}","","","dashboard-wall.json"
"dashboard.wall.grid.label","dashboard","Students","Студенты","","","dashboard-wall.json"
"dashboard.wall.help.button","dashboard","Requests · {count}","Запросы · {count}","","","dashboard-help.json"
"dashboard.wall.help.done","dashboard","Mark done","Готово","","","dashboard-help.json"
"dashboard.wall.help.footer","dashboard","Replies go to one student, in their language.","Ответ получит один студент, на своём языке.","","","dashboard-help.json"
"dashboard.wall.help.open","dashboard","{count} open","открыто: {count}","","","dashboard-help.json"
"dashboard.wall.help.reply","dashboard","Reply","Ответить","","","dashboard-help.json"
"dashboard.wall.help.text","dashboard","“{text}”","«{text}»","","","dashboard-help.json"
"dashboard.wall.help.tile","dashboard","raised hand · Q {question}","поднята рука · вопрос {question}","","","dashboard-help.json"
"dashboard.wall.help.tileNoQuestion","dashboard","raised hand","поднята рука","","","dashboard-help.json"
"dashboard.wall.help.title","dashboard","Requests","Запросы","","","dashboard-help.json"
"dashboard.wall.help.topic","dashboard","{topic, select, identity {Identity check} question {Question is unclear} technical {Technical problem} break {I need a break} other {Something else}}","{topic, select, identity {Проверка личности} question {Вопрос непонятен} technical {Техническая проблема} break {Мне нужен перерыв} other {Другое}}","","","dashboard-help.json"
"dashboard.wall.message.cancel","dashboard","Cancel","Отмена","","","dashboard-wall.json"
"dashboard.wall.message.counter","dashboard","{count}/{max}","{count}/{max}","","","dashboard-wall.json"
"dashboard.wall.message.dialogBody","dashboard","Goes to {target} as typed, without translation.","Получатель: {target}. Уходит как написано, без перевода.","","","dashboard-wall.json"
"dashboard.wall.message.everyone","dashboard","everyone in {group}","все в группе {group}","","","dashboard-wall.json"
"dashboard.wall.message.field","dashboard","Message","Сообщение","","","dashboard-wall.json"
"dashboard.wall.message.headerGroup","dashboard","Quick message · {group}","Быстрое сообщение · {group}","","","dashboard-wall.json"
"dashboard.wall.message.headerStudent","dashboard","Quick message · {name}","Быстрое сообщение · {name}","","","dashboard-wall.json"
"dashboard.wall.message.note","dashboard","Each student reads it in their language.","Каждый студент прочитает его на своём языке.","","","dashboard-wall.json"
"dashboard.wall.message.send","dashboard","Send","Отправить","","","dashboard-wall.json"
"dashboard.wall.message.write","dashboard","Write a message","Написать сообщение","","","dashboard-wall.json"
"dashboard.wall.messageGroup","dashboard","Message group","Написать группе","","","dashboard-wall.json"
"dashboard.wall.sort.flags","dashboard","Flags first","Сначала отметки","","","dashboard-wall.json"
"dashboard.wall.sort.label","dashboard","Order of the wall","Порядок на экране","","","dashboard-wall.json"
"dashboard.wall.sort.seat","dashboard","Seat order","По местам","","","dashboard-wall.json"
"dashboard.wall.stat.flagged.caption","dashboard","phone, second face","телефон, второе лицо","","","dashboard-wall.json"
"dashboard.wall.stat.flagged.label","dashboard","Flagged","С отметками","","","dashboard-wall.json"
"dashboard.wall.stat.onScreen.caption","dashboard","of {writing} writing","из {writing} пишущих","","","dashboard-wall.json"
"dashboard.wall.stat.onScreen.label","dashboard","On screen","На экране","","","dashboard-wall.json"
"dashboard.wall.stat.paused.caption","dashboard","no face or camera lost","нет лица или камеры","","","dashboard-wall.json"
"dashboard.wall.stat.paused.label","dashboard","Paused","На паузе","","","dashboard-wall.json"
"dashboard.wall.stat.warnings.caption","dashboard","gaze or tabs, last 5 min","взгляд или вкладки, последние 5 мин","","","dashboard-wall.json"
"dashboard.wall.stat.warnings.label","dashboard","Warnings","Предупреждения","","","dashboard-wall.json"
"dashboard.wall.tile.done","dashboard","{state, select, submitted {submitted} time_up {time up} other {ended}}","{state, select, submitted {сдано} time_up {время вышло} other {завершено}}","","","dashboard-wall.json"
"dashboard.wall.tile.lookedAway","dashboard","looked away {count}× · {seconds, number, ::.#} s","взгляд в сторону {count}× · {seconds, number, ::.#} с","","","dashboard-wall.json"
"dashboard.wall.tile.lookedAwayOnce","dashboard","looked away {seconds, number, ::.#} s","взгляд в сторону {seconds, number, ::.#} с","","","dashboard-wall.json"
"dashboard.wall.tile.noSignal","dashboard","no signal · {duration}","нет сигнала · {duration}","","","dashboard-wall.json"
"dashboard.wall.tile.noSignalNever","dashboard","no signal","нет сигнала","","","dashboard-wall.json"
"dashboard.wall.tile.onScreen","dashboard","on screen · Q {question}","на экране · вопрос {question}","","","dashboard-wall.json"
"dashboard.wall.tile.onScreenNoQuestion","dashboard","on screen","на экране","","","dashboard-wall.json"
"dashboard.wall.tile.paused","dashboard","{reason, select, face_missing {no face} camera_lost {camera lost} proctor {paused by proctor} other {paused}} · {duration}","{reason, select, face_missing {нет лица} camera_lost {нет камеры} proctor {пауза от проктора} other {пауза}} · {duration}","","","dashboard-wall.json"
"dashboard.wall.tile.pausedNoTime","dashboard","{reason, select, face_missing {no face} camera_lost {camera lost} proctor {paused by proctor} other {paused}}","{reason, select, face_missing {нет лица} camera_lost {нет камеры} proctor {пауза от проктора} other {пауза}}","","","dashboard-wall.json"
"dashboard.wall.tile.phone","dashboard","phone {score, number, ::.00} · {time}","телефон {score, number, ::.00} · {time}","","","dashboard-wall.json"
"dashboard.wall.tile.phoneNoScore","dashboard","phone · {time}","телефон · {time}","","","dashboard-wall.json"
"dashboard.wall.tile.secondFace","dashboard","second face · {time}","второе лицо · {time}","","","dashboard-wall.json"
"dashboard.wall.tile.state","dashboard","{state, select, flagged {Flagged} warning {Warning} paused {Paused} no_signal {No signal} done {Done} other {On screen}}","{state, select, flagged {Отметка} warning {Предупреждение} paused {Пауза} no_signal {Нет сигнала} done {Завершено} other {На экране}}","","","dashboard-wall.json"
"dashboard.wall.tile.tabBlocked","dashboard","tab blocked · {time}","вкладка заблокирована · {time}","","","dashboard-wall.json"
"dashboard.wall.title","dashboard","Live wall","Экран наблюдения","","","dashboard-wall.json"
"dashboard.wall.toast.close","dashboard","Close","Закрыть","","","dashboard-wall.json"
"dashboard.wall.toast.region","dashboard","Notifications","Уведомления","","","dashboard-wall.json"
"dashboard.wizard.back","dashboard","Back","Назад","","","dashboard-wizard.json"
"dashboard.wizard.breadcrumb","dashboard","Exams / New exam","Экзамены / Новый экзамен","","","dashboard-wizard.json"
"dashboard.wizard.breadcrumbExam","dashboard","Exams / {title}","Экзамены / {title}","","","dashboard-wizard.json"
"dashboard.wizard.browser.footer","dashboard","Saved · {time}","Сохранено · {time}","","","dashboard-wizard.json"
"dashboard.wizard.browser.link.invalid","dashboard","Paste the full link, starting with https://","Вставьте полную ссылку, начиная с https://","","","dashboard-wizard.json"
"dashboard.wizard.browser.link.label","dashboard","Exam link","Ссылка на экзамен","","","dashboard-wizard.json"
"dashboard.wizard.browser.mode.title","dashboard","Where the exam runs","Где проходит экзамен","","","dashboard-wizard.json"
"dashboard.wizard.browser.next","dashboard","Next: students","Далее: студенты","","","dashboard-wizard.json"
"dashboard.wizard.browser.preview.overline","dashboard","Student sees","Студент видит","","","dashboard-wizard.json"
"dashboard.wizard.browser.rule.copy_paste.detail","dashboard","Each try goes to the exam log.","Каждая попытка попадает в журнал экзамена.","","","dashboard-wizard.json"
"dashboard.wizard.browser.rule.copy_paste.title","dashboard","Block copy and paste","Запретить копирование и вставку","","","dashboard-wizard.json"
"dashboard.wizard.browser.rule.devtools.detail","dashboard","University-managed computers only","Только на компьютерах университета","","","dashboard-wizard.json"
"dashboard.wizard.browser.rule.devtools.title","dashboard","Block developer tools","Запретить инструменты разработчика","","","dashboard-wizard.json"
"dashboard.wizard.browser.rule.full_screen.detail","dashboard","Leaving it pauses the exam.","Выход из него ставит экзамен на паузу.","","","dashboard-wizard.json"
"dashboard.wizard.browser.rule.full_screen.title","dashboard","Require full screen","Требовать полный экран","","","dashboard-wizard.json"
"dashboard.wizard.browser.rule.print.detail","dashboard","Print and save as PDF are off.","Печать и сохранение в PDF отключены.","","","dashboard-wizard.json"
"dashboard.wizard.browser.rule.print.title","dashboard","Block printing","Запретить печать","","","dashboard-wizard.json"
"dashboard.wizard.browser.rule.screen_share.detail","dashboard","Detected","Обнаруживается","","","dashboard-wizard.json"
"dashboard.wizard.browser.rule.screen_share.title","dashboard","Block screen sharing","Запретить показ экрана","","","dashboard-wizard.json"
"dashboard.wizard.browser.rules.title","dashboard","Rules while locked","Правила во время блокировки","","","dashboard-wizard.json"
"dashboard.wizard.browser.sites.add","dashboard","Add site","Добавить сайт","","","dashboard-wizard.json"
"dashboard.wizard.browser.sites.addCalculator","dashboard","Add the calculator","Добавить калькулятор","","","dashboard-wizard.json"
"dashboard.wizard.browser.sites.addLabel","dashboard","Site address","Адрес сайта","","","dashboard-wizard.json"
"dashboard.wizard.browser.sites.calculator","dashboard","Calculator · built in","Калькулятор · встроенный","","","dashboard-wizard.json"
"dashboard.wizard.browser.sites.invalid","dashboard","Type a site such as exam.kru.test","Введите сайт, например exam.kru.test","","","dashboard-wizard.json"
"dashboard.wizard.browser.sites.locked","dashboard","The exam’s own site","Сайт самого экзамена","","","dashboard-wizard.json"
"dashboard.wizard.browser.sites.remove","dashboard","Remove {host}","Убрать {host}","","","dashboard-wizard.json"
"dashboard.wizard.browser.sites.removeCalculator","dashboard","Turn off the calculator","Выключить калькулятор","","","dashboard-wizard.json"
"dashboard.wizard.browser.sites.title","dashboard","Open during the exam","Открыто во время экзамена","","","dashboard-wizard.json"
"dashboard.wizard.browser.title","dashboard","Browser rules","Правила браузера","","","dashboard-wizard.json"
"dashboard.wizard.cancel","dashboard","Cancel","Отмена","","","dashboard-wizard.json"
"dashboard.wizard.checks.footer","dashboard","Saved as draft · {time}","Сохранено как черновик · {time}","","","dashboard-wizard.json"
"dashboard.wizard.checks.gaze.detail","dashboard","Flag when eyes leave the screen for more than {seconds, plural, one {# second} other {# seconds}}.","Отметка, если взгляд уходит с экрана дольше {seconds, plural, one {# секунды} few {# секунд} many {# секунд} other {# секунды}}.","","","dashboard-wizard.json"
"dashboard.wizard.checks.gaze.title","dashboard","Gaze control","Контроль взгляда","","","dashboard-wizard.json"
"dashboard.wizard.checks.gazeInfo.body","dashboard","How long eyes can leave the screen before Üki flags it. Shorter glances are ignored.","Сколько взгляд может быть не на экране, прежде чем Üki поставит отметку. Короткие взгляды не учитываются.","","","dashboard-wizard.json"
"dashboard.wizard.checks.gazeInfo.calm","dashboard","Calm, for reading","Мягко, для чтения","","","dashboard-wizard.json"
"dashboard.wizard.checks.gazeInfo.default","dashboard","Default","По умолчанию","","","dashboard-wizard.json"
"dashboard.wizard.checks.gazeInfo.strict","dashboard","Strict","Строго","","","dashboard-wizard.json"
"dashboard.wizard.checks.gazeInfo.title","dashboard","Gaze threshold","Порог взгляда","","","dashboard-wizard.json"
"dashboard.wizard.checks.gazeInfo.value","dashboard","{seconds} s","{seconds} с","","","dashboard-wizard.json"
"dashboard.wizard.checks.gazeThreshold.helper","dashboard","Shorter looks are ignored.","Более короткие взгляды не учитываются.","","","dashboard-wizard.json"
"dashboard.wizard.checks.gazeThreshold.info","dashboard","About the gaze threshold","О пороге взгляда","","","dashboard-wizard.json"
"dashboard.wizard.checks.gazeThreshold.label","dashboard","Gaze threshold","Порог взгляда","","","dashboard-wizard.json"
"dashboard.wizard.checks.gazeThreshold.value","dashboard","{seconds, plural, one {# second} other {# seconds}}","{seconds, plural, one {# секунда} few {# секунды} many {# секунд} other {# секунды}}","","","dashboard-wizard.json"
"dashboard.wizard.checks.head.caption","dashboard","Every check runs on the student’s laptop. Turn off what this exam does not need.","Все проверки идут на ноутбуке студента. Отключите то, что этому экзамену не нужно.","","","dashboard-wizard.json"
"dashboard.wizard.checks.head.title","dashboard","What Üki checks","Что проверяет Üki","","","dashboard-wizard.json"
"dashboard.wizard.checks.identity.detail","dashboard","Student card and face, matched on the laptop before the start.","Студенческий билет и лицо сверяются на ноутбуке до начала.","","","dashboard-wizard.json"
"dashboard.wizard.checks.identity.title","dashboard","Identity check","Проверка личности","","","dashboard-wizard.json"
"dashboard.wizard.checks.lock.detail","dashboard","Other tabs and apps stay closed until the student submits.","Другие вкладки и приложения закрыты, пока студент не сдаст работу.","","","dashboard-wizard.json"
"dashboard.wizard.checks.lock.title","dashboard","Browser lock","Блокировка браузера","","","dashboard-wizard.json"
"dashboard.wizard.checks.mic.detail","dashboard","Off. Üki never records audio.","Выключен. Üki никогда не записывает звук.","","","dashboard-wizard.json"
"dashboard.wizard.checks.mic.title","dashboard","Microphone","Микрофон","","","dashboard-wizard.json"
"dashboard.wizard.checks.next","dashboard","Next: students","Далее: студенты","","","dashboard-wizard.json"
"dashboard.wizard.checks.nextBrowser","dashboard","Next: browser rules","Далее: правила браузера","","","dashboard-wizard.json"
"dashboard.wizard.checks.phone.detail","dashboard","Flag a phone in frame at {score} confidence or higher.","Отметка, если телефон в кадре с уверенностью {score} или выше.","","","dashboard-wizard.json"
"dashboard.wizard.checks.phone.title","dashboard","Phone detection","Обнаружение телефона","","","dashboard-wizard.json"
"dashboard.wizard.checks.phoneThreshold.helper","dashboard","Lower catches more, with more false flags.","Чем ниже, тем больше находок и ложных отметок.","","","dashboard-wizard.json"
"dashboard.wizard.checks.phoneThreshold.label","dashboard","Phone confidence","Уверенность для телефона","","","dashboard-wizard.json"
"dashboard.wizard.checks.preview.language","dashboard","Preview language","Язык предпросмотра","","","dashboard-wizard.json"
"dashboard.wizard.checks.preview.overline","dashboard","Student preview","Как видит студент","","","dashboard-wizard.json"
"dashboard.wizard.checks.preview.title","dashboard","Before you start","Перед началом","","","dashboard-wizard.json"
"dashboard.wizard.checks.privacy.body","dashboard","Video is processed on the student’s laptop. Only events and flagged frames are sent.","Видео обрабатывается на ноутбуке студента. Отправляются только события и отмеченные кадры.","","","dashboard-wizard.json"
"dashboard.wizard.checks.privacy.title","dashboard","On device","На устройстве","","","dashboard-wizard.json"
"dashboard.wizard.checks.second.detail","dashboard","Flag when a second face enters the frame.","Отметка, если в кадре появляется второе лицо.","","","dashboard-wizard.json"
"dashboard.wizard.checks.second.title","dashboard","Second person","Второй человек","","","dashboard-wizard.json"
"dashboard.wizard.details.card.caption","dashboard","Students see the title, date and time in their invitation.","Студенты увидят название, дату и время в приглашении.","","","dashboard-wizard.json"
"dashboard.wizard.details.card.title","dashboard","Exam details","Данные экзамена","","","dashboard-wizard.json"
"dashboard.wizard.details.course.label","dashboard","Course","Курс","","","dashboard-wizard.json"
"dashboard.wizard.details.duration.label","dashboard","Duration","Длительность","","","dashboard-wizard.json"
"dashboard.wizard.details.footer","dashboard","Draft saved {time}. Only the exam office sees drafts.","Черновик сохранён в {time}. Черновики видит только экзаменационный отдел.","","","dashboard-wizard.json"
"dashboard.wizard.details.glance.ends","dashboard","Exam ends","Конец экзамена","","","dashboard-wizard.json"
"dashboard.wizard.details.glance.language.en","dashboard","English","English","","","dashboard-wizard.json"
"dashboard.wizard.details.glance.language.kk","dashboard","Қазақша","Қазақша","","","dashboard-wizard.json"
"dashboard.wizard.details.glance.language.ru","dashboard","Русский","Русский","","","dashboard-wizard.json"
"dashboard.wizard.details.glance.lobby","dashboard","Lobby opens","Лобби открывается","","","dashboard-wizard.json"
"dashboard.wizard.details.glance.lobbyValue","dashboard","{time} · {minutes} min before","{time} · за {minutes} мин","","","dashboard-wizard.json"
"dashboard.wizard.details.glance.noGroups","dashboard","Add a group","Добавьте группу","","","dashboard-wizard.json"
"dashboard.wizard.details.glance.note","dashboard","Checks start from your defaults in Settings. You change them in step 2.","Проверки берутся из настроек по умолчанию. Их можно изменить на шаге 2.","","","dashboard-wizard.json"
"dashboard.wizard.details.glance.proctors","dashboard","Proctors","Прокторы","","","dashboard-wizard.json"
"dashboard.wizard.details.glance.proctorsValue","dashboard","You assign them in step 3","Вы назначите их на шаге 3","","","dashboard-wizard.json"
"dashboard.wizard.details.glance.rules","dashboard","Rules language","Язык правил","","","dashboard-wizard.json"
"dashboard.wizard.details.glance.rulesValue","dashboard","{first}, then {others}","{first}, затем {others}","","","dashboard-wizard.json"
"dashboard.wizard.details.glance.students","dashboard","Students","Студенты","","","dashboard-wizard.json"
"dashboard.wizard.details.glance.studentsValue","dashboard","{count} · {groups}","{count} · {groups}","","","dashboard-wizard.json"
"dashboard.wizard.details.glance.title","dashboard","At a glance","Кратко","","","dashboard-wizard.json"
"dashboard.wizard.details.groups.add","dashboard","Add group","Добавить группу","","","dashboard-wizard.json"
"dashboard.wizard.details.groups.chip","dashboard","Group {code} · {count, plural, one {# student} other {# students}}","Группа {code} · {count, plural, one {# студент} few {# студента} many {# студентов} other {# студента}}","","","dashboard-wizard.json"
"dashboard.wizard.details.groups.label","dashboard","Groups","Группы","","","dashboard-wizard.json"
"dashboard.wizard.details.groups.option","dashboard","Group {code} · {count, plural, one {# student} other {# students}}","Группа {code} · {count, plural, one {# студент} few {# студента} many {# студентов} other {# студента}}","","","dashboard-wizard.json"
"dashboard.wizard.details.groups.remove","dashboard","Remove group {code}","Убрать группу {code}","","","dashboard-wizard.json"
"dashboard.wizard.details.kind.final","dashboard","Final","Итоговый экзамен","","","dashboard-wizard.json"
"dashboard.wizard.details.kind.label","dashboard","Type","Тип","","","dashboard-wizard.json"
"dashboard.wizard.details.kind.midterm","dashboard","Midterm","Рубежный контроль","","","dashboard-wizard.json"
"dashboard.wizard.details.kind.placeholder","dashboard","Choose a type","Выберите тип","","","dashboard-wizard.json"
"dashboard.wizard.details.kind.quiz","dashboard","Quiz","Контрольная","","","dashboard-wizard.json"
"dashboard.wizard.details.kind.test","dashboard","Test","Тест","","","dashboard-wizard.json"
"dashboard.wizard.details.mode.app.detail","dashboard","Questions open inside Üki.","Вопросы открываются в Üki.","","","dashboard-wizard.json"
"dashboard.wizard.details.mode.app.title","dashboard","In the Üki app","В приложении Üki","","","dashboard-wizard.json"
"dashboard.wizard.details.mode.browser.detail","dashboard","Any exam that opens in a browser.","Любой экзамен, который открывается в браузере.","","","dashboard-wizard.json"
"dashboard.wizard.details.mode.browser.title","dashboard","In your LMS, with Üki Lock","В вашей LMS, с Üki Lock","","","dashboard-wizard.json"
"dashboard.wizard.details.mode.label","dashboard","Where the exam runs","Где проходит экзамен","","","dashboard-wizard.json"
"dashboard.wizard.details.next","dashboard","Next: checks","Далее: проверки","","","dashboard-wizard.json"
"dashboard.wizard.details.title.label","dashboard","Exam title","Название экзамена","","","dashboard-wizard.json"
"dashboard.wizard.details.when.label","dashboard","Date and start","Дата и начало","","","dashboard-wizard.json"
"dashboard.wizard.details.when.value","dashboard","{date} {year} · {time}","{date} {year} · {time}","","","dashboard-wizard.json"
"dashboard.wizard.edit","dashboard","Edit","Изменить","","","dashboard-wizard.json"
"dashboard.wizard.error.failed","dashboard","Could not save. Check the connection and try again.","Не удалось сохранить. Проверьте подключение и попробуйте снова.","","","dashboard-wizard.json"
"dashboard.wizard.error.forbidden","dashboard","Only the exam office can change this exam.","Изменять этот экзамен может только экзаменационный отдел.","","","dashboard-wizard.json"
"dashboard.wizard.error.invalid","dashboard","Some values are not valid. Check them and try again.","Некоторые значения неверны. Проверьте их и попробуйте снова.","","","dashboard-wizard.json"
"dashboard.wizard.error.notDraft","dashboard","This exam is no longer a draft, so this step cannot change it.","Экзамен больше не черновик, и этот шаг не может его изменить.","","","dashboard-wizard.json"
"dashboard.wizard.language.en","dashboard","English","английский","","","dashboard-wizard.json"
"dashboard.wizard.language.kk","dashboard","Kazakh","казахский","","","dashboard-wizard.json"
"dashboard.wizard.language.ru","dashboard","Russian","русский","","","dashboard-wizard.json"
"dashboard.wizard.overview.fixRoster","dashboard","{count, plural, one {Fix # address} other {Fix # addresses}}","{count, plural, one {Исправить # адрес} few {Исправить # адреса} many {Исправить # адресов} other {Исправить # адреса}}","","","dashboard-wizard.json"
"dashboard.wizard.overview.newExam","dashboard","New exam","Новый экзамен","","","dashboard-wizard.json"
"dashboard.wizard.overview.openRoster","dashboard","Open roster","Открыть список","","","dashboard-wizard.json"
"dashboard.wizard.overview.scheduled","dashboard","Exam scheduled. Students join with the code {code}.","Экзамен запланирован. Студенты входят по коду {code}.","","","dashboard-wizard.json"
"dashboard.wizard.overview.unsent","dashboard","{count, plural, one {# invite did not go out.} other {# invites did not go out.}} The roster says why.","{count, plural, one {# приглашение не ушло.} few {# приглашения не ушли.} many {# приглашений не ушло.} other {# приглашения не ушли.}} Причина указана в списке студентов.","","","dashboard-wizard.json"
"dashboard.wizard.picker.apply","dashboard","Apply","Применить","","","dashboard-wizard.json"
"dashboard.wizard.picker.examDay","dashboard","{date}, another exam","{date}, другой экзамен","","","dashboard-wizard.json"
"dashboard.wizard.picker.next","dashboard","Next month","Следующий месяц","","","dashboard-wizard.json"
"dashboard.wizard.picker.previous","dashboard","Previous month","Предыдущий месяц","","","dashboard-wizard.json"
"dashboard.wizard.picker.time","dashboard","Start time","Время начала","","","dashboard-wizard.json"
"dashboard.wizard.picker.weekday.1","dashboard","Mo","Пн","","","dashboard-wizard.json"
"dashboard.wizard.picker.weekday.2","dashboard","Tu","Вт","","","dashboard-wizard.json"
"dashboard.wizard.picker.weekday.3","dashboard","We","Ср","","","dashboard-wizard.json"
"dashboard.wizard.picker.weekday.4","dashboard","Th","Чт","","","dashboard-wizard.json"
"dashboard.wizard.picker.weekday.5","dashboard","Fr","Пт","","","dashboard-wizard.json"
"dashboard.wizard.picker.weekday.6","dashboard","Sa","Сб","","","dashboard-wizard.json"
"dashboard.wizard.picker.weekday.7","dashboard","Su","Вс","","","dashboard-wizard.json"
"dashboard.wizard.review.checks.gaze","dashboard","Gaze · {seconds} s","Взгляд · {seconds} с","","","dashboard-wizard.json"
"dashboard.wizard.review.checks.identity","dashboard","Identity","Личность","","","dashboard-wizard.json"
"dashboard.wizard.review.checks.identityOff","dashboard","Identity off","Личность выкл.","","","dashboard-wizard.json"
"dashboard.wizard.review.checks.lock","dashboard","Browser lock","Блокировка браузера","","","dashboard-wizard.json"
"dashboard.wizard.review.checks.lockOff","dashboard","Browser lock off","Блокировка браузера выкл.","","","dashboard-wizard.json"
"dashboard.wizard.review.checks.microphone","dashboard","Microphone off","Микрофон выключен","","","dashboard-wizard.json"
"dashboard.wizard.review.checks.phone","dashboard","Phone · {score}","Телефон · {score}","","","dashboard-wizard.json"
"dashboard.wizard.review.checks.secondPerson","dashboard","Second person","Второй человек","","","dashboard-wizard.json"
"dashboard.wizard.review.checks.title","dashboard","Checks","Проверки","","","dashboard-wizard.json"
"dashboard.wizard.review.details.app","dashboard","The Üki app","Приложение Üki","","","dashboard-wizard.json"
"dashboard.wizard.review.details.browser","dashboard","Your LMS, with Üki Lock","Ваша LMS, с Üki Lock","","","dashboard-wizard.json"
"dashboard.wizard.review.details.exam","dashboard","Exam","Экзамен","","","dashboard-wizard.json"
"dashboard.wizard.review.details.missing","dashboard","Not set yet","Пока не задано","","","dashboard-wizard.json"
"dashboard.wizard.review.details.runsIn","dashboard","Runs in","Где проходит","","","dashboard-wizard.json"
"dashboard.wizard.review.details.students","dashboard","Students","Студенты","","","dashboard-wizard.json"
"dashboard.wizard.review.details.studentsValue","dashboard","{groups} · {count, plural, one {# student} other {# students}}","{groups} · {count, plural, one {# студент} few {# студента} many {# студентов} other {# студента}}","","","dashboard-wizard.json"
"dashboard.wizard.review.details.title","dashboard","Details","Детали","","","dashboard-wizard.json"
"dashboard.wizard.review.details.when","dashboard","When","Когда","","","dashboard-wizard.json"
"dashboard.wizard.review.details.whenValue","dashboard","{date} {year} · {start}–{end} · {minutes} min","{date} {year} · {start}–{end} · {minutes} мин","","","dashboard-wizard.json"
"dashboard.wizard.review.footerReady","dashboard","Everything is in place. Schedule the exam when you are ready.","Всё готово. Запланируйте экзамен, когда будете готовы.","","","dashboard-wizard.json"
"dashboard.wizard.review.footerWaiting","dashboard","{names} hasn’t confirmed yet. You can schedule now.","{names}: места ещё не подтверждены. Можно планировать сейчас.","","","dashboard-wizard.json"
"dashboard.wizard.review.next.end","dashboard","Exam ends","Экзамен заканчивается","","","dashboard-wizard.json"
"dashboard.wizard.review.next.endDetail","dashboard","Review opens for flagged sessions","Открывается проверка сессий с отметками","","","dashboard-wizard.json"
"dashboard.wizard.review.next.invites","dashboard","{count, plural, one {# invite goes out} other {# invites go out}}","{count, plural, one {Уходит # приглашение} few {Уходят # приглашения} many {Уходят # приглашений} other {Уходят # приглашения}}","","","dashboard-wizard.json"
"dashboard.wizard.review.next.invitesDetail","dashboard","Exam code and install link, in 3 languages","Код экзамена и ссылка на установку, на 3 языках","","","dashboard-wizard.json"
"dashboard.wizard.review.next.lobby","dashboard","Lobby opens","Лобби открывается","","","dashboard-wizard.json"
"dashboard.wizard.review.next.lobbyDetail","dashboard","Students check in {minutes} min before","Студенты проходят проверку за {minutes} мин","","","dashboard-wizard.json"
"dashboard.wizard.review.next.now","dashboard","Now","Сейчас","","","dashboard-wizard.json"
"dashboard.wizard.review.next.start","dashboard","Exam starts","Экзамен начинается","","","dashboard-wizard.json"
"dashboard.wizard.review.next.startDetail","dashboard","Proctors press Start in the lobby","Прокторы нажимают «Начать» в лобби","","","dashboard-wizard.json"
"dashboard.wizard.review.next.title","dashboard","When you schedule","После планирования","","","dashboard-wizard.json"
"dashboard.wizard.review.next.when","dashboard","{weekday} {time}","{weekday} {time}","","","dashboard-wizard.json"
"dashboard.wizard.review.people.changeRequested","dashboard","change requested: “{request}”","просит изменить: «{request}»","","","dashboard-wizard.json"
"dashboard.wizard.review.people.confirmed","dashboard","confirmed","подтверждено","","","dashboard-wizard.json"
"dashboard.wizard.review.people.noProctors","dashboard","No proctors yet","Прокторов пока нет","","","dashboard-wizard.json"
"dashboard.wizard.review.people.proctorValue","dashboard","Seats {from}–{to} · {languages} · {state}","Места {from}–{to} · {languages} · {state}","","","dashboard-wizard.json"
"dashboard.wizard.review.people.roster","dashboard","Roster","Список","","","dashboard-wizard.json"
"dashboard.wizard.review.people.rosterFile","dashboard","{valid} of {total} rows valid · {file}","{valid} из {total} строк верны · {file}","","","dashboard-wizard.json"
"dashboard.wizard.review.people.rosterValue","dashboard","{count, plural, one {# student} other {# students}} on the roster","{count, plural, one {# студент} few {# студента} many {# студентов} other {# студента}} в списке","","","dashboard-wizard.json"
"dashboard.wizard.review.people.title","dashboard","Students and proctors","Студенты и прокторы","","","dashboard-wizard.json"
"dashboard.wizard.review.people.waiting","dashboard","waiting for confirmation","ждёт подтверждения","","","dashboard-wizard.json"
"dashboard.wizard.review.problem.browser_rules_invalid","dashboard","The browser rules are not valid.","Правила браузера заданы неверно.","","","dashboard-wizard.json"
"dashboard.wizard.review.problem.checks_invalid","dashboard","A check has a value out of range.","У одной из проверок недопустимое значение.","","","dashboard-wizard.json"
"dashboard.wizard.review.problem.code_exhausted","dashboard","Too many exams share this course, group and weekday. Change one of them.","Слишком много экзаменов с этим курсом, группой и днём недели. Измените что-то одно.","","","dashboard-wizard.json"
"dashboard.wizard.review.problem.course_missing","dashboard","The exam has no course.","У экзамена не указан курс.","","","dashboard-wizard.json"
"dashboard.wizard.review.problem.duration_invalid","dashboard","The duration must be 5 to 600 minutes.","Длительность должна быть от 5 до 600 минут.","","","dashboard-wizard.json"
"dashboard.wizard.review.problem.groups_missing","dashboard","Add at least one group.","Добавьте хотя бы одну группу.","","","dashboard-wizard.json"
"dashboard.wizard.review.problem.kind_missing","dashboard","The exam has no type.","У экзамена не указан тип.","","","dashboard-wizard.json"
"dashboard.wizard.review.problem.lms_url_invalid","dashboard","The exam link is not a web address.","Ссылка на экзамен не является веб-адресом.","","","dashboard-wizard.json"
"dashboard.wizard.review.problem.lms_url_missing","dashboard","The exam link is missing.","Нет ссылки на экзамен.","","","dashboard-wizard.json"
"dashboard.wizard.review.problem.proctors_missing","dashboard","No proctors are assigned.","Прокторы не назначены.","","","dashboard-wizard.json"
"dashboard.wizard.review.problem.roster_empty","dashboard","The roster is empty.","Список студентов пуст.","","","dashboard-wizard.json"
"dashboard.wizard.review.problem.seats_uncovered","dashboard","Some seats have no proctor.","У некоторых мест нет проктора.","","","dashboard-wizard.json"
"dashboard.wizard.review.problem.starts_in_past","dashboard","The start time has passed. Pick a later one.","Время начала уже прошло. Выберите более позднее.","","","dashboard-wizard.json"
"dashboard.wizard.review.problem.title_missing","dashboard","The exam has no title.","У экзамена нет названия.","","","dashboard-wizard.json"
"dashboard.wizard.review.problemLink","dashboard","Go to {step}","Перейти: {step}","","","dashboard-wizard.json"
"dashboard.wizard.review.saveDraft","dashboard","Save draft","Сохранить черновик","","","dashboard-wizard.json"
"dashboard.wizard.review.schedule","dashboard","Schedule exam","Запланировать экзамен","","","dashboard-wizard.json"
"dashboard.wizard.review.stepName.browser","dashboard","Browser rules","Правила браузера","","","dashboard-wizard.json"
"dashboard.wizard.review.stepName.checks","dashboard","Checks","Проверки","","","dashboard-wizard.json"
"dashboard.wizard.review.stepName.details","dashboard","Details","Детали","","","dashboard-wizard.json"
"dashboard.wizard.review.stepName.review","dashboard","Review","Обзор","","","dashboard-wizard.json"
"dashboard.wizard.review.stepName.roster","dashboard","Students","Студенты","","","dashboard-wizard.json"
"dashboard.wizard.review.testInvite","dashboard","Send a test invite to me","Отправить мне тестовое приглашение","","","dashboard-wizard.json"
"dashboard.wizard.review.testInviteFailed","dashboard","The test invite could not be sent.","Не удалось отправить тестовое приглашение.","","","dashboard-wizard.json"
"dashboard.wizard.review.testInviteNeedsRoster","dashboard","The test invite is written for the first student, so it waits for the roster.","Тестовое приглашение пишется для первого студента списка, поэтому сначала загрузите список.","","","dashboard-wizard.json"
"dashboard.wizard.review.testInviteSent","dashboard","Test invite sent. Check your inbox.","Тестовое приглашение отправлено. Проверьте почту.","","","dashboard-wizard.json"
"dashboard.wizard.roster.action.edit","dashboard","Edit","Изменить","","","dashboard-wizard.json"
"dashboard.wizard.roster.action.fixEmail","dashboard","Fix email","Исправить email","","","dashboard-wizard.json"
"dashboard.wizard.roster.action.resend","dashboard","Resend","Отправить снова","","","dashboard-wizard.json"
"dashboard.wizard.roster.column.action","dashboard","Action","Действие","","","dashboard-wizard.json"
"dashboard.wizard.roster.column.group","dashboard","Group","Группа","","","dashboard-wizard.json"
"dashboard.wizard.roster.column.invite","dashboard","Invite","Приглашение","","","dashboard-wizard.json"
"dashboard.wizard.roster.column.proctor","dashboard","Proctor","Проктор","","","dashboard-wizard.json"
"dashboard.wizard.roster.column.student","dashboard","Student","Студент","","","dashboard-wizard.json"
"dashboard.wizard.roster.empty.caption","dashboard","Columns: name, student ID, email, group, language. Up to 2,000 rows.","Столбцы: имя, номер студента, email, группа, язык. До 2000 строк.","","","dashboard-wizard.json"
"dashboard.wizard.roster.empty.choose","dashboard","Choose file","Выбрать файл","","","dashboard-wizard.json"
"dashboard.wizard.roster.empty.title","dashboard","Drop the dean’s office CSV here","Перетащите сюда CSV из деканата","","","dashboard-wizard.json"
"dashboard.wizard.roster.errors.download","dashboard","Download error report","Скачать отчёт об ошибках","","","dashboard-wizard.json"
"dashboard.wizard.roster.errors.noName","dashboard","—","—","","","dashboard-wizard.json"
"dashboard.wizard.roster.errors.reportFile","dashboard","roster-errors.csv","roster-errors.csv","","","dashboard-wizard.json"
"dashboard.wizard.roster.errors.reportHeader.column","dashboard","column","столбец","","","dashboard-wizard.json"
"dashboard.wizard.roster.errors.reportHeader.problem","dashboard","problem","проблема","","","dashboard-wizard.json"
"dashboard.wizard.roster.errors.reportHeader.row","dashboard","row","строка","","","dashboard-wizard.json"
"dashboard.wizard.roster.errors.row","dashboard","Row {row}","Строка {row}","","","dashboard-wizard.json"
"dashboard.wizard.roster.errors.skip","dashboard","Skip {count, plural, one {# row} other {# rows}}","Пропустить {count, plural, one {# строку} few {# строки} many {# строк} other {# строки}}","","","dashboard-wizard.json"
"dashboard.wizard.roster.errors.summary","dashboard","{valid} of {total} rows are valid. Fix {bad, plural, one {# row} other {# rows}} or skip them.","{valid} из {total} строк верны. Исправьте {bad, plural, one {# строку} few {# строки} many {# строк} other {# строки}} или пропустите их.","","","dashboard-wizard.json"
"dashboard.wizard.roster.errors.upload","dashboard","Upload fixed file","Загрузить исправленный файл","","","dashboard-wizard.json"
"dashboard.wizard.roster.file.emptyFile","dashboard","This file has no rows.","В этом файле нет строк.","","","dashboard-wizard.json"
"dashboard.wizard.roster.file.fallbackName","dashboard","Roster","Список студентов","","","dashboard-wizard.json"
"dashboard.wizard.roster.file.imported","dashboard","Imported {count, plural, one {# student} other {# students}} from the dean’s office export.","Загружено {count, plural, one {# студент} few {# студента} many {# студентов} other {# студента}} из выгрузки деканата.","","","dashboard-wizard.json"
"dashboard.wizard.roster.file.importing","dashboard","Importing the roster","Загружаем список","","","dashboard-wizard.json"
"dashboard.wizard.roster.file.replace","dashboard","Replace file","Заменить файл","","","dashboard-wizard.json"
"dashboard.wizard.roster.file.tooMany","dashboard","This file has more than 2,000 rows.","В этом файле больше 2000 строк.","","","dashboard-wizard.json"
"dashboard.wizard.roster.file.unreadable","dashboard","This file cannot be read as CSV.","Этот файл не читается как CSV.","","","dashboard-wizard.json"
"dashboard.wizard.roster.file.valid","dashboard","{valid} of {total} valid","{valid} из {total} верны","","","dashboard-wizard.json"
"dashboard.wizard.roster.fix.bounced","dashboard","This mailbox doesn’t exist.","Такого почтового ящика нет.","","","dashboard-wizard.json"
"dashboard.wizard.roster.fix.failed","dashboard","The invite could not be sent to this address.","Приглашение не удалось отправить на этот адрес.","","","dashboard-wizard.json"
"dashboard.wizard.roster.fix.helper","dashboard","The invite goes out when you schedule the exam.","Приглашение уйдёт, когда вы запланируете экзамен.","","","dashboard-wizard.json"
"dashboard.wizard.roster.fix.helperScheduled","dashboard","The invite goes out again to the new address.","Приглашение снова уйдёт на новый адрес.","","","dashboard-wizard.json"
"dashboard.wizard.roster.fix.invalidEmail","dashboard","Type an address with @ and a domain.","Введите адрес с @ и доменом.","","","dashboard-wizard.json"
"dashboard.wizard.roster.fix.label.email","dashboard","New email","Новый email","","","dashboard-wizard.json"
"dashboard.wizard.roster.fix.label.full_name","dashboard","Full name","Полное имя","","","dashboard-wizard.json"
"dashboard.wizard.roster.fix.label.group","dashboard","New group","Новая группа","","","dashboard-wizard.json"
"dashboard.wizard.roster.fix.label.locale","dashboard","Language","Язык","","","dashboard-wizard.json"
"dashboard.wizard.roster.fix.label.student_number","dashboard","New student ID","Новый номер студента","","","dashboard-wizard.json"
"dashboard.wizard.roster.fix.roster","dashboard","Also fix it in the roster for later exams","Исправить и в списке для следующих экзаменов","","","dashboard-wizard.json"
"dashboard.wizard.roster.fix.titleEdit","dashboard","Edit {name}’s email","Изменить email: {name}","","","dashboard-wizard.json"
"dashboard.wizard.roster.fix.titleEmail","dashboard","Fix {name}’s email","Исправить email: {name}","","","dashboard-wizard.json"
"dashboard.wizard.roster.fix.titleGroup","dashboard","Fix {name}’s group","Исправить группу: {name}","","","dashboard-wizard.json"
"dashboard.wizard.roster.fix.titleLocale","dashboard","Fix {name}’s language","Исправить язык: {name}","","","dashboard-wizard.json"
"dashboard.wizard.roster.fix.titleNumber","dashboard","Fix {name}’s student ID","Исправить номер студента: {name}","","","dashboard-wizard.json"
"dashboard.wizard.roster.fix.titleRow","dashboard","Fix row {row}","Исправить строку {row}","","","dashboard-wizard.json"
"dashboard.wizard.roster.footer","dashboard","Each student gets an email with the exam code and a link to install Üki.","Каждый студент получит письмо с кодом экзамена и ссылкой на установку Üki.","","","dashboard-wizard.json"
"dashboard.wizard.roster.footerErrors","dashboard","Fix or skip the {count, plural, one {# row} other {# rows}} to continue. Nothing is sent until you schedule.","Исправьте или пропустите {count, plural, one {# строку} few {# строки} many {# строк} other {# строки}}, чтобы продолжить. Ничего не отправляется до планирования.","","","dashboard-wizard.json"
"dashboard.wizard.roster.group","dashboard","Group {code}","Группа {code}","","","dashboard-wizard.json"
"dashboard.wizard.roster.importError.row","dashboard","Row {row} was refused. Check it and import again.","Строка {row} отклонена. Проверьте её и загрузите снова.","","","dashboard-wizard.json"
"dashboard.wizard.roster.invite.bounced","dashboard","Email bounced","Письмо не доставлено","","","dashboard-wizard.json"
"dashboard.wizard.roster.invite.failed","dashboard","Not sent · error","Не отправлено · ошибка","","","dashboard-wizard.json"
"dashboard.wizard.roster.invite.notSent","dashboard","Not sent","Не отправлено","","","dashboard-wizard.json"
"dashboard.wizard.roster.invite.opened","dashboard","Opened","Открыто","","","dashboard-wizard.json"
"dashboard.wizard.roster.invite.sent","dashboard","Sent · not opened","Отправлено · не открыто","","","dashboard-wizard.json"
"dashboard.wizard.roster.next","dashboard","Next: review","Далее: обзор","","","dashboard-wizard.json"
"dashboard.wizard.roster.none","dashboard","No students match.","Нет подходящих студентов.","","","dashboard-wizard.json"
"dashboard.wizard.roster.problem.email_empty","dashboard","Email is empty","Email пустой","","","dashboard-wizard.json"
"dashboard.wizard.roster.problem.email_invalid","dashboard","Email {value} is not a valid address","Email {value} не является адресом","","","dashboard-wizard.json"
"dashboard.wizard.roster.problem.email_no_at","dashboard","Email has no @","В email нет @","","","dashboard-wizard.json"
"dashboard.wizard.roster.problem.group_empty","dashboard","Group is empty","Группа пустая","","","dashboard-wizard.json"
"dashboard.wizard.roster.problem.group_unknown","dashboard","Group {value} is not in this university","Группы {value} нет в этом университете","","","dashboard-wizard.json"
"dashboard.wizard.roster.problem.locale_invalid","dashboard","Language {value} is not kk, ru or en","Язык {value} не kk, ru или en","","","dashboard-wizard.json"
"dashboard.wizard.roster.problem.name_empty","dashboard","Name is empty","Имя пустое","","","dashboard-wizard.json"
"dashboard.wizard.roster.problem.name_too_long","dashboard","Name is longer than 200 characters","Имя длиннее 200 символов","","","dashboard-wizard.json"
"dashboard.wizard.roster.problem.number_duplicate","dashboard","Student ID {value} appears twice","Номер студента {value} встречается дважды","","","dashboard-wizard.json"
"dashboard.wizard.roster.problem.number_empty","dashboard","Student ID is empty","Номер студента пуст","","","dashboard-wizard.json"
"dashboard.wizard.roster.problem.number_invalid","dashboard","Student ID {value} is not 8 digits","Номер студента {value} не из 8 цифр","","","dashboard-wizard.json"
"dashboard.wizard.roster.proctors.add","dashboard","Add proctor","Добавить проктора","","","dashboard-wizard.json"
"dashboard.wizard.roster.proctors.changeRequested","dashboard","Change requested","Просит изменить","","","dashboard-wizard.json"
"dashboard.wizard.roster.proctors.confirmed","dashboard","Confirmed","Подтверждено","","","dashboard-wizard.json"
"dashboard.wizard.roster.proctors.dialog.addTitle","dashboard","Add proctor","Добавить проктора","","","dashboard-wizard.json"
"dashboard.wizard.roster.proctors.dialog.choose","dashboard","Choose a proctor","Выберите проктора","","","dashboard-wizard.json"
"dashboard.wizard.roster.proctors.dialog.editTitle","dashboard","Edit {name}’s seats","Места: {name}","","","dashboard-wizard.json"
"dashboard.wizard.roster.proctors.dialog.from","dashboard","From seat","С места","","","dashboard-wizard.json"
"dashboard.wizard.roster.proctors.dialog.languages","dashboard","Languages","Языки","","","dashboard-wizard.json"
"dashboard.wizard.roster.proctors.dialog.proctor","dashboard","Proctor","Проктор","","","dashboard-wizard.json"
"dashboard.wizard.roster.proctors.dialog.remove","dashboard","Remove proctor","Убрать проктора","","","dashboard-wizard.json"
"dashboard.wizard.roster.proctors.dialog.to","dashboard","To seat","По место","","","dashboard-wizard.json"
"dashboard.wizard.roster.proctors.edit","dashboard","Edit {name}","Изменить: {name}","","","dashboard-wizard.json"
"dashboard.wizard.roster.proctors.gap","dashboard","Seats {from}–{to} have no proctor. Ranges must follow each other from seat 1.","У мест {from}–{to} нет проктора. Диапазоны должны идти подряд с места 1.","","","dashboard-wizard.json"
"dashboard.wizard.roster.proctors.none","dashboard","No proctors yet. Each one takes a range of seats.","Прокторов пока нет. Каждый берёт диапазон мест.","","","dashboard-wizard.json"
"dashboard.wizard.roster.proctors.overlap","dashboard","Seats {from}–{to} are given to two proctors.","Места {from}–{to} отданы двум прокторам.","","","dashboard-wizard.json"
"dashboard.wizard.roster.proctors.seats","dashboard","Seats {from}–{to} · {languages}","Места {from}–{to} · {languages}","","","dashboard-wizard.json"
"dashboard.wizard.roster.proctors.title","dashboard","Proctors","Прокторы","","","dashboard-wizard.json"
"dashboard.wizard.roster.proctors.uncovered","dashboard","Seats {from}–{to} have no proctor yet.","У мест {from}–{to} пока нет проктора.","","","dashboard-wizard.json"
"dashboard.wizard.roster.proctors.waiting","dashboard","Not confirmed","Не подтверждено","","","dashboard-wizard.json"
"dashboard.wizard.roster.programme","dashboard","{programme}, year {year}","{programme}, {year} курс","","","dashboard-wizard.json"
"dashboard.wizard.roster.resendFailed","dashboard","The invite to {name} could not be sent. Try again in a minute.","Не удалось отправить приглашение: {name}. Попробуйте через минуту.","","","dashboard-wizard.json"
"dashboard.wizard.roster.resent","dashboard","The invite went out again to {name}.","Приглашение снова отправлено: {name}.","","","dashboard-wizard.json"
"dashboard.wizard.roster.search","dashboard","Find a student","Найти студента","","","dashboard-wizard.json"
"dashboard.wizard.roster.students.title","dashboard","Students · {count}","Студенты · {count}","","","dashboard-wizard.json"
"dashboard.wizard.roster.students.titleValid","dashboard","Students · {count} valid","Студенты · {count} верны","","","dashboard-wizard.json"
"dashboard.wizard.roster.tab.all","dashboard","All","Все","","","dashboard-wizard.json"
"dashboard.wizard.roster.tab.invited","dashboard","Invited","Приглашены","","","dashboard-wizard.json"
"dashboard.wizard.roster.tab.label","dashboard","Filter students","Фильтр студентов","","","dashboard-wizard.json"
"dashboard.wizard.roster.tab.needsFix","dashboard","Needs a fix · {count}","Нужно исправить · {count}","","","dashboard-wizard.json"
"dashboard.wizard.save","dashboard","Save","Сохранить","","","dashboard-wizard.json"
"dashboard.wizard.step.checks","dashboard","Checks","Проверки","","","dashboard-wizard.json"
"dashboard.wizard.step.details","dashboard","Details","Детали","","","dashboard-wizard.json"
"dashboard.wizard.step.review","dashboard","Review","Обзор","","","dashboard-wizard.json"
"dashboard.wizard.step.roster","dashboard","Students","Студенты","","","dashboard-wizard.json"
"dashboard.wizard.stepper.label","dashboard","Steps","Шаги","","","dashboard-wizard.json"
"dashboard.wizard.title","dashboard","New exam","Новый экзамен","","","dashboard-wizard.json"
"dashboard.landing.cta.bookPilot","landing","Book a pilot","Заказать пилот","","","dashboard-landing.json"
"dashboard.landing.cta.overline","landing","Demo Day · 16 October 2026 · Qostanai Hub","Demo Day · 16 октября 2026 · Qostanai Hub","","","dashboard-landing.json"
"dashboard.landing.cta.seeDemo","landing","See the demo","Смотреть демо","","","dashboard-landing.json"
"dashboard.landing.cta.title","landing","Run your next exam with Üki.","Проведите следующий экзамен с Üki.","","","dashboard-landing.json"
"dashboard.landing.faq.body","landing","Anything else? Ask us on Demo Day or write to the team.","Остались вопросы? Спросите нас на Demo Day или напишите команде.","","","dashboard-landing.json"
"dashboard.landing.faq.browsers.answer","landing","Chrome, Edge, Yandex Browser and Opera. Only the exam and allowed sites stay open, and tabs come back after submit.","Chrome, Edge, Яндекс Браузер и Opera. Открыты только экзамен и разрешённые сайты, а вкладки возвращаются после сдачи.","","","dashboard-landing.json"
"dashboard.landing.faq.browsers.question","landing","Which browsers work with Üki Lock?","Какие браузеры работают с Üki Lock?","","","dashboard-landing.json"
"dashboard.landing.faq.flagged.answer","landing","Nothing automatic. The flag is a moment with a time and a frame. A proctor reviews it and decides: no issue, talk to the student, or send to the committee. The report shows who decided.","Ничего автоматически. Отметка — это момент со временем и кадром. Проктор её проверяет и решает: нарушения нет, поговорить со студентом или передать комиссии. Отчёт показывает, кто решил.","","","dashboard-landing.json"
"dashboard.landing.faq.flagged.question","landing","What happens when a student is flagged?","Что происходит, когда студента отмечают?","","","dashboard-landing.json"
"dashboard.landing.faq.lms.answer","landing","Yes. Any exam that opens in a browser works with Üki Lock, and the roster comes from the dean’s office.","Да. С Üki Lock работает любой экзамен, который открывается в браузере, а список студентов приходит из деканата.","","","dashboard-landing.json"
"dashboard.landing.faq.lms.question","landing","Does it work with our LMS?","Работает ли это с нашей LMS?","","","dashboard-landing.json"
"dashboard.landing.faq.overline","landing","FAQ","Вопросы","","","dashboard-landing.json"
"dashboard.landing.faq.retention.answer","landing","Flagged frames and events: 90 days, then deleted. Integrity reports: 1 year, or longer while an appeal is open. All of it stays in Kazakhstan.","Отмеченные кадры и события — 90 дней, затем удаляются. Отчёты о честности — 1 год или дольше, пока идёт апелляция. Всё хранится в Казахстане.","","","dashboard-landing.json"
"dashboard.landing.faq.retention.question","landing","How long is data kept?","Сколько хранятся данные?","","","dashboard-landing.json"
"dashboard.landing.faq.student.answer","landing","A laptop with a webcam, macOS 12+ or Windows 10+, the Üki app, and Üki Lock for exams in the LMS. No account: students join with a code and their student ID.","Ноутбук с камерой на macOS 12+ или Windows 10+, приложение Üki и Üki Lock для экзаменов в LMS. Аккаунт не нужен: студенты входят по коду и студенческому номеру.","","","dashboard-landing.json"
"dashboard.landing.faq.student.question","landing","What does a student need?","Что нужно студенту?","","","dashboard-landing.json"
"dashboard.landing.faq.title","landing","Questions, answered.","Вопросы и ответы.","","","dashboard-landing.json"
"dashboard.landing.faq.video.answer","landing","No. Video is checked on the laptop and never uploaded. Only events and flagged frames are sent.","Нет. Видео проверяется на ноутбуке и никогда не загружается. Отправляются только события и отмеченные кадры.","","","dashboard-landing.json"
"dashboard.landing.faq.video.question","landing","Does Üki record video?","Üki записывает видео?","","","dashboard-landing.json"
"dashboard.landing.faq.write","landing","Write to the team","Написать команде","","","dashboard-landing.json"
"dashboard.landing.features.liveWall.alt","landing","The live wall with a student’s tile menu open: open timeline, message, pause, mark reviewed.","Экран наблюдения с открытым меню плитки студента: хронология, сообщение, пауза, отметка о проверке.","","","dashboard-landing.json"
"dashboard.landing.features.liveWall.body","landing","Flagged students rise to the top. Act from the tile without leaving the wall.","Отмеченные студенты поднимаются наверх. Действуйте прямо с плитки, не покидая экран.","","","dashboard-landing.json"
"dashboard.landing.features.liveWall.bullet1","landing","Flags first, then everyone on screen","Сначала отмеченные, затем все на экране","","","dashboard-landing.json"
"dashboard.landing.features.liveWall.bullet2","landing","Messages go out in ҚАЗ, РУС or ENG","Сообщения уходят на ҚАЗ, РУС или ENG","","","dashboard-landing.json"
"dashboard.landing.features.liveWall.bullet3","landing","Add time for the group or one student","Добавьте время группе или одному студенту","","","dashboard-landing.json"
"dashboard.landing.features.liveWall.link","landing","See the live wall","Посмотреть экран наблюдения","","","dashboard-landing.json"
"dashboard.landing.features.liveWall.overline","landing","For proctors","Для прокторов","","","dashboard-landing.json"
"dashboard.landing.features.liveWall.title","landing","One wall for a whole group.","Один экран на всю группу.","","","dashboard-landing.json"
"dashboard.landing.features.lock.alt","landing","A quiz in the KRU exam portal, locked by Üki Lock, with the copy-blocked notice and the Watching widget.","Тест в экзаменационном портале КРУ под Üki Lock: уведомление о запрете копирования и виджет наблюдения.","","","dashboard-landing.json"
"dashboard.landing.features.lock.body","landing","Any exam that opens in a browser. Students see why an action is blocked; proctors see every attempt.","Любой экзамен, который открывается в браузере. Студенты видят, почему действие заблокировано; прокторы видят каждую попытку.","","","dashboard-landing.json"
"dashboard.landing.features.lock.bullet1","landing","Chrome, Edge, Yandex Browser, Opera","Chrome, Edge, Яндекс Браузер, Opera","","","dashboard-landing.json"
"dashboard.landing.features.lock.bullet2","landing","Only the exam and allowed sites stay open","Открыты только экзамен и разрешённые сайты","","","dashboard-landing.json"
"dashboard.landing.features.lock.bullet3","landing","Tabs come back after submit","Вкладки возвращаются после сдачи","","","dashboard-landing.json"
"dashboard.landing.features.lock.link","landing","See Üki Lock","Посмотреть Üki Lock","","","dashboard-landing.json"
"dashboard.landing.features.lock.overline","landing","Üki Lock · Browser extension","Üki Lock · Расширение браузера","","","dashboard-landing.json"
"dashboard.landing.features.lock.title","landing","Exams in your LMS, locked.","Экзамены в вашей LMS под замком.","","","dashboard-landing.json"
"dashboard.landing.features.review.alt","landing","The review queue for Mathematics 2 with a flagged frame previewed: phone in frame, 0.94.","Очередь проверки по «Математике 2» с превью отмеченного кадра: телефон в кадре, 0,94.","","","dashboard-landing.json"
"dashboard.landing.features.review.body","landing","Each flag is a moment with a frame. Decide: no issue, talk to the student, or send to the committee.","Каждая отметка — это момент с кадром. Решите: нарушения нет, поговорить со студентом или передать комиссии.","","","dashboard-landing.json"
"dashboard.landing.features.review.bullet1","landing","Queue sorted by flags, filter by type","Очередь по числу отметок, фильтр по типу","","","dashboard-landing.json"
"dashboard.landing.features.review.bullet2","landing","Hover a flag to see its frame","Наведите на отметку, чтобы увидеть кадр","","","dashboard-landing.json"
"dashboard.landing.features.review.bullet3","landing","Report with moments, not verdicts","Отчёт с моментами, а не приговорами","","","dashboard-landing.json"
"dashboard.landing.features.review.link","landing","See a report","Посмотреть отчёт","","","dashboard-landing.json"
"dashboard.landing.features.review.overline","landing","After the exam","После экзамена","","","dashboard-landing.json"
"dashboard.landing.features.review.title","landing","Review flags, not footage.","Проверяйте отметки, а не записи.","","","dashboard-landing.json"
"dashboard.landing.flag.body","landing","A flag is a moment with a time and a frame. A person decides what it means, and the report shows who decided.","Отметка — это момент со временем и кадром. Что он значит, решает человек, а отчёт показывает, кто решил.","","","dashboard-landing.json"
"dashboard.landing.flag.face.alt","landing","A second person leaning into the camera frame next to the student.","Второй человек заглядывает в кадр рядом со студенткой.","","","dashboard-landing.json"
"dashboard.landing.flag.face.chip","landing","second face","второе лицо","","","dashboard-landing.json"
"dashboard.landing.flag.face.detail","landing","Someone leaned in for 4 s.","Кто-то заглянул в кадр на 4 с.","","","dashboard-landing.json"
"dashboard.landing.flag.face.time","landing","10:45:52","10:45:52","","","dashboard-landing.json"
"dashboard.landing.flag.face.title","landing","Second face","Второе лицо","","","dashboard-landing.json"
"dashboard.landing.flag.gaze.alt","landing","A student looking away from the screen, to the left.","Студентка смотрит в сторону от экрана, влево.","","","dashboard-landing.json"
"dashboard.landing.flag.gaze.chip","landing","gaze 2.3 s","взгляд 2,3 с","","","dashboard-landing.json"
"dashboard.landing.flag.gaze.detail","landing","2.3 s, to the left.","2,3 с, влево.","","","dashboard-landing.json"
"dashboard.landing.flag.gaze.time","landing","10:43:02","10:43:02","","","dashboard-landing.json"
"dashboard.landing.flag.gaze.title","landing","Looked away","Отвела взгляд","","","dashboard-landing.json"
"dashboard.landing.flag.overline","landing","Moments, not verdicts","Моменты, а не приговоры","","","dashboard-landing.json"
"dashboard.landing.flag.phone.alt","landing","A student at her desk holding a phone in front of the camera.","Студентка за столом держит телефон перед камерой.","","","dashboard-landing.json"
"dashboard.landing.flag.phone.chip","landing","phone 0.94","телефон 0,94","","","dashboard-landing.json"
"dashboard.landing.flag.phone.detail","landing","Held 6 s. Put away after the warning.","Держала 6 с. Убрала после предупреждения.","","","dashboard-landing.json"
"dashboard.landing.flag.phone.time","landing","10:47:10","10:47:10","","","dashboard-landing.json"
"dashboard.landing.flag.phone.title","landing","Phone in frame","Телефон в кадре","","","dashboard-landing.json"
"dashboard.landing.flag.title","landing","Flag ≠ fail.","Отметка ≠ провал.","","","dashboard-landing.json"
"dashboard.landing.footer.about","landing","About","О нас","","","dashboard-landing.json"
"dashboard.landing.footer.app","landing","Üki app","Приложение Üki","","","dashboard-landing.json"
"dashboard.landing.footer.auditLog","landing","Audit log","Журнал аудита","","","dashboard-landing.json"
"dashboard.landing.footer.case","landing","Case 3 · KRU × Qostanai Hub","Кейс 3 · КРУ × Qostanai Hub","","","dashboard-landing.json"
"dashboard.landing.footer.caseShort","landing","Case 3","Кейс 3","","","dashboard-landing.json"
"dashboard.landing.footer.contact","landing","Contact","Контакты","","","dashboard-landing.json"
"dashboard.landing.footer.copyright","landing","© 2026 Üki · Kostanay, Kazakhstan","© 2026 Üki · Костанай, Казахстан","","","dashboard-landing.json"
"dashboard.landing.footer.copyrightShort","landing","© 2026 Üki · Kostanay","© 2026 Üki · Костанай","","","dashboard-landing.json"
"dashboard.landing.footer.dataMap","landing","Data map","Карта данных","","","dashboard-landing.json"
"dashboard.landing.footer.line","landing","Local proctoring for university exams.","Локальный прокторинг для университетских экзаменов.","","","dashboard-landing.json"
"dashboard.landing.footer.liveWall","landing","Live wall","Экран наблюдения","","","dashboard-landing.json"
"dashboard.landing.footer.lock","landing","Üki Lock","Üki Lock","","","dashboard-landing.json"
"dashboard.landing.footer.privacy","landing","Privacy","Приватность","","","dashboard-landing.json"
"dashboard.landing.footer.product","landing","Product","Продукт","","","dashboard-landing.json"
"dashboard.landing.footer.reports","landing","Reports","Отчёты","","","dashboard-landing.json"
"dashboard.landing.footer.security","landing","Security","Безопасность","","","dashboard-landing.json"
"dashboard.landing.footer.tagline","landing","Көреді. Қорғайды. Дәлелдейді.","Көреді. Қорғайды. Дәлелдейді.","","","dashboard-landing.json"
"dashboard.landing.footer.team","landing","Team","Команда","","","dashboard-landing.json"
"dashboard.landing.footer.terms","landing","Terms","Условия","","","dashboard-landing.json"
"dashboard.landing.footer.trust","landing","Trust","Доверие","","","dashboard-landing.json"
"dashboard.landing.hero.announcement","landing","Üki Lock for LMS exams","Üki Lock для экзаменов в LMS","","","dashboard-landing.json"
"dashboard.landing.hero.badge","landing","New","Новое","","","dashboard-landing.json"
"dashboard.landing.hero.bookPilot","landing","Book a pilot","Заказать пилот","","","dashboard-landing.json"
"dashboard.landing.hero.case","landing","KRU × Qostanai Hub · Case 3","КРУ × Qostanai Hub · Кейс 3","","","dashboard-landing.json"
"dashboard.landing.hero.lead","landing","Browser lock, gaze control and phone detection run on the student’s device. Proctors get flagged moments, never video.","Блокировка браузера, контроль взгляда и поиск телефона работают на устройстве студента. Прокторы получают отмеченные моменты, а не видео.","","","dashboard-landing.json"
"dashboard.landing.hero.report.decision","landing","Decision","Решение","","","dashboard-landing.json"
"dashboard.landing.hero.report.flag1.label","landing","Looked away · 2.3 s","Отвела взгляд · 2,3 с","","","dashboard-landing.json"
"dashboard.landing.hero.report.flag1.time","landing","10:43:02","10:43:02","","","dashboard-landing.json"
"dashboard.landing.hero.report.flag2.label","landing","Phone in frame · 0.94","Телефон в кадре · 0,94","","","dashboard-landing.json"
"dashboard.landing.hero.report.flag2.time","landing","10:47:10","10:47:10","","","dashboard-landing.json"
"dashboard.landing.hero.report.flag3.label","landing","Looked down · 3.1 s","Смотрела вниз · 3,1 с","","","dashboard-landing.json"
"dashboard.landing.hero.report.flag3.time","landing","10:58:40","10:58:40","","","dashboard-landing.json"
"dashboard.landing.hero.report.meta","landing","3 flags · reviewed by Aigerim S.","3 отметки · проверила Айгерим С.","","","dashboard-landing.json"
"dashboard.landing.hero.report.ready","landing","Ready","Готов","","","dashboard-landing.json"
"dashboard.landing.hero.report.student","landing","Madina T. · Mathematics 2","Мадина Т. · Математика 2","","","dashboard-landing.json"
"dashboard.landing.hero.report.talk","landing","Talk to student","Поговорить со студентом","","","dashboard-landing.json"
"dashboard.landing.hero.report.title","landing","Integrity report","Отчёт о честности","","","dashboard-landing.json"
"dashboard.landing.hero.report.video","landing","Video uploaded","Загружено видео","","","dashboard-landing.json"
"dashboard.landing.hero.report.videoValue","landing","0 MB","0 МБ","","","dashboard-landing.json"
"dashboard.landing.hero.seeDemo","landing","See the demo","Смотреть демо","","","dashboard-landing.json"
"dashboard.landing.hero.shotAlt","landing","The live wall in the Üki dashboard: Mathematics 2 with 125 students, flagged students first.","Экран наблюдения в панели Üki: «Математика 2», 125 студентов, отмеченные сверху.","","","dashboard-landing.json"
"dashboard.landing.hero.title.line1","landing","Proctoring that never","Прокторинг, который никогда","","","dashboard-landing.json"
"dashboard.landing.hero.title.line2","landing","leaves <accent>the laptop.</accent>","не покидает <accent>ноутбук.</accent>","","","dashboard-landing.json"
"dashboard.landing.hero.title.mobile","landing","Proctoring that never leaves the laptop.","Прокторинг, который никогда не покидает ноутбук.","","","dashboard-landing.json"
"dashboard.landing.hero.toast","landing","New tabs are off during the exam.","Во время экзамена новые вкладки отключены.","","","dashboard-landing.json"
"dashboard.landing.hero.toastTime","landing","10:44","10:44","","","dashboard-landing.json"
"dashboard.landing.hero.watchElapsed","landing","00:42:17","00:42:17","","","dashboard-landing.json"
"dashboard.landing.how.checkIn.body","landing","Students join with a code, fix their laptop and show their ID once.","Студенты входят по коду, готовят ноутбук и один раз показывают документ.","","","dashboard-landing.json"
"dashboard.landing.how.checkIn.title","landing","Check in.","Вход.","","","dashboard-landing.json"
"dashboard.landing.how.overline","landing","How it works","Как это работает","","","dashboard-landing.json"
"dashboard.landing.how.review.body","landing","Proctors decide each flag. The exam office exports the report.","Прокторы решают по каждой отметке. Экзаменационный отдел выгружает отчёт.","","","dashboard-landing.json"
"dashboard.landing.how.review.title","landing","Review.","Проверка.","","","dashboard-landing.json"
"dashboard.landing.how.setUp.body","landing","The exam office picks checks, imports the roster and assigns proctors.","Экзаменационный отдел выбирает проверки, загружает список и назначает прокторов.","","","dashboard-landing.json"
"dashboard.landing.how.setUp.title","landing","Set up.","Настройка.","","","dashboard-landing.json"
"dashboard.landing.how.title","landing","From invite to report in four steps.","От приглашения до отчёта за четыре шага.","","","dashboard-landing.json"
"dashboard.landing.how.write.body","landing","The browser locks. Üki watches gaze and phones on the laptop.","Браузер блокируется. Üki следит за взглядом и телефонами на ноутбуке.","","","dashboard-landing.json"
"dashboard.landing.how.write.title","landing","Write.","Экзамен.","","","dashboard-landing.json"
"dashboard.landing.lang.label","landing","Language","Язык","","","dashboard-landing.json"
"dashboard.landing.legal.draft","landing","Draft for legal review","Черновик для юристов","","","dashboard-landing.json"
"dashboard.landing.legal.inShort","landing","In short","Коротко","","","dashboard-landing.json"
"dashboard.landing.legal.meta","landing","Effective 1 November 2026 · Version 0.9 · Last updated 7 October 2026","Действует с 1 ноября 2026 · Версия 0.9 · Обновлено 7 октября 2026","","","dashboard-landing.json"
"dashboard.landing.legal.onThisPage","landing","On this page","На этой странице","","","dashboard-landing.json"
"dashboard.landing.legal.overline","landing","Legal","Документы","","","dashboard-landing.json"
"dashboard.landing.meta.home.description","landing","Browser lock, gaze control and phone detection run on the student’s device. Proctors get flagged moments, never video.","Блокировка браузера, контроль взгляда и поиск телефона работают на устройстве студента. Прокторы получают отмеченные моменты, а не видео.","","","dashboard-landing.json"
"dashboard.landing.meta.home.title","landing","Üki · Proctoring that never leaves the laptop","Üki · Прокторинг, который не покидает ноутбук","","","dashboard-landing.json"
"dashboard.landing.meta.pilot.title","landing","Book a pilot · Üki","Заявка на пилот · Üki","","","dashboard-landing.json"
"dashboard.landing.meta.privacy.title","landing","Privacy policy · Üki","Политика конфиденциальности · Üki","","","dashboard-landing.json"
"dashboard.landing.meta.terms.title","landing","Terms of use · Üki","Условия использования · Üki","","","dashboard-landing.json"
"dashboard.landing.nav.bookPilot","landing","Book a pilot","Заказать пилот","","","dashboard-landing.json"
"dashboard.landing.nav.closeMenu","landing","Close the menu","Закрыть меню","","","dashboard-landing.json"
"dashboard.landing.nav.faq","landing","FAQ","Вопросы","","","dashboard-landing.json"
"dashboard.landing.nav.home","landing","Üki home","Üki, главная","","","dashboard-landing.json"
"dashboard.landing.nav.howItWorks","landing","How it works","Как это работает","","","dashboard-landing.json"
"dashboard.landing.nav.label","landing","Site","Сайт","","","dashboard-landing.json"
"dashboard.landing.nav.openMenu","landing","Open the menu","Открыть меню","","","dashboard-landing.json"
"dashboard.landing.nav.privacy","landing","Privacy","Приватность","","","dashboard-landing.json"
"dashboard.landing.nav.product","landing","Product","Продукт","","","dashboard-landing.json"
"dashboard.landing.nav.signIn","landing","Sign in","Войти","","","dashboard-landing.json"
"dashboard.landing.nav.universities","landing","Universities","Университетам","","","dashboard-landing.json"
"dashboard.landing.pillars.lead","landing","Three jobs, done on the student’s laptop. The server gets events and a few flagged frames, never a video stream.","Три задачи, и все на ноутбуке студента. Сервер получает события и несколько отмеченных кадров, но никогда не видеопоток.","","","dashboard-landing.json"
"dashboard.landing.pillars.overline","landing","What Üki does","Что делает Üki","","","dashboard-landing.json"
"dashboard.landing.pillars.protects.body","landing","The browser locks to the exam. Other tabs, apps and copy stay closed.","Браузер закрепляется на экзамене. Другие вкладки, приложения и копирование закрыты.","","","dashboard-landing.json"
"dashboard.landing.pillars.protects.kazakh","landing","Қорғайды","Қорғайды","","","dashboard-landing.json"
"dashboard.landing.pillars.protects.title","landing","Protects.","Защищает.","","","dashboard-landing.json"
"dashboard.landing.pillars.proves.body","landing","Every flag is a moment with a time and a frame. A proctor decides.","Каждая отметка — это момент со временем и кадром. Решает проктор.","","","dashboard-landing.json"
"dashboard.landing.pillars.proves.kazakh","landing","Дәлелдейді","Дәлелдейді","","","dashboard-landing.json"
"dashboard.landing.pillars.proves.title","landing","Proves.","Доказывает.","","","dashboard-landing.json"
"dashboard.landing.pillars.sees.body","landing","Gaze and phones are checked on the laptop. Nothing streams out.","Взгляд и телефоны проверяются на ноутбуке. Ничего не транслируется наружу.","","","dashboard-landing.json"
"dashboard.landing.pillars.sees.kazakh","landing","Көреді","Көреді","","","dashboard-landing.json"
"dashboard.landing.pillars.sees.title","landing","Sees.","Видит.","","","dashboard-landing.json"
"dashboard.landing.pillars.title","landing","Sees. Protects. Proves.","Видит. Защищает. Доказывает.","","","dashboard-landing.json"
"dashboard.landing.pilot.form.demoDay","landing","Send me the Demo Day invite for 16 October.","Пришлите мне приглашение на Demo Day 16 октября.","","","dashboard-landing.json"
"dashboard.landing.pilot.form.email","landing","Work email","Рабочая почта","","","dashboard-landing.json"
"dashboard.landing.pilot.form.emailPlaceholder","landing","dana.akhmetova@kru.test","dana.akhmetova@kru.test","","","dashboard-landing.json"
"dashboard.landing.pilot.form.error.emailInvalid","landing","Enter a work email, like name@university.kz.","Введите рабочую почту, например name@university.kz.","","","dashboard-landing.json"
"dashboard.landing.pilot.form.error.failed","landing","The request did not go through. Try again in a moment.","Заявка не отправилась. Попробуйте ещё раз чуть позже.","","","dashboard-landing.json"
"dashboard.landing.pilot.form.error.nameRequired","landing","Enter your full name.","Введите имя и фамилию.","","","dashboard-landing.json"
"dashboard.landing.pilot.form.error.rateLimited","landing","This email has sent three requests today. Write to us again tomorrow.","С этой почты сегодня уже отправлено три заявки. Напишите нам завтра.","","","dashboard-landing.json"
"dashboard.landing.pilot.form.error.tooLong","landing","Keep it under {max} characters.","Не больше {max} символов.","","","dashboard-landing.json"
"dashboard.landing.pilot.form.error.universityRequired","landing","Enter your university.","Введите университет.","","","dashboard-landing.json"
"dashboard.landing.pilot.form.message","landing","Anything we should know","Что нам стоит знать","","","dashboard-landing.json"
"dashboard.landing.pilot.form.messageHelper","landing","Optional · {count}/{max}","Необязательно · {count}/{max}","","","dashboard-landing.json"
"dashboard.landing.pilot.form.name","landing","Full name","Имя и фамилия","","","dashboard-landing.json"
"dashboard.landing.pilot.form.namePlaceholder","landing","Dana Akhmetova","Дана Ахметова","","","dashboard-landing.json"
"dashboard.landing.pilot.form.note","landing","We reply within 2 working days. Only the Üki team sees this form.","Мы ответим в течение 2 рабочих дней. Эту форму видит только команда Üki.","","","dashboard-landing.json"
"dashboard.landing.pilot.form.role","landing","Your role","Ваша роль","","","dashboard-landing.json"
"dashboard.landing.pilot.form.roles.deans_office","landing","Dean’s office","Деканат","","","dashboard-landing.json"
"dashboard.landing.pilot.form.roles.exam_office","landing","Exam office","Экзаменационный отдел","","","dashboard-landing.json"
"dashboard.landing.pilot.form.roles.it","landing","IT department","IT-отдел","","","dashboard-landing.json"
"dashboard.landing.pilot.form.roles.other","landing","Other","Другое","","","dashboard-landing.json"
"dashboard.landing.pilot.form.roles.teacher","landing","Teacher","Преподаватель","","","dashboard-landing.json"
"dashboard.landing.pilot.form.studentRanges.from100","landing","100–300","100–300","","","dashboard-landing.json"
"dashboard.landing.pilot.form.studentRanges.from300","landing","300–1,000","300–1000","","","dashboard-landing.json"
"dashboard.landing.pilot.form.studentRanges.over1000","landing","Over 1,000","Более 1000","","","dashboard-landing.json"
"dashboard.landing.pilot.form.studentRanges.under100","landing","Under 100","До 100","","","dashboard-landing.json"
"dashboard.landing.pilot.form.students","landing","Students in one exam","Студентов на одном экзамене","","","dashboard-landing.json"
"dashboard.landing.pilot.form.submit","landing","Book a pilot","Заказать пилот","","","dashboard-landing.json"
"dashboard.landing.pilot.form.title","landing","Tell us about your exams","Расскажите о ваших экзаменах","","","dashboard-landing.json"
"dashboard.landing.pilot.form.university","landing","University","Университет","","","dashboard-landing.json"
"dashboard.landing.pilot.form.universityPlaceholder","landing","KRU · Kostanay","КРУ · Костанай","","","dashboard-landing.json"
"dashboard.landing.pilot.form.when","landing","When","Когда","","","dashboard-landing.json"
"dashboard.landing.pilot.lead","landing","We set up Üki with your exam office, run the exams with your proctors and hand over the reports.","Мы настраиваем Üki вместе с вашим экзаменационным отделом, проводим экзамены с вашими прокторами и передаём отчёты.","","","dashboard-landing.json"
"dashboard.landing.pilot.need.contact","landing","One contact in the exam office","Один контакт в экзаменационном отделе","","","dashboard-landing.json"
"dashboard.landing.pilot.need.laptops","landing","Student laptops with a webcam: macOS 12+ or Windows 10+","Ноутбуки студентов с камерой: macOS 12+ или Windows 10+","","","dashboard-landing.json"
"dashboard.landing.pilot.need.lms","landing","Your LMS, if the exam runs there","Ваша LMS, если экзамен проходит в ней","","","dashboard-landing.json"
"dashboard.landing.pilot.need.title","landing","What you need","Что нужно от вас","","","dashboard-landing.json"
"dashboard.landing.pilot.overline","landing","Book a pilot","Заявка на пилот","","","dashboard-landing.json"
"dashboard.landing.pilot.plan.call.body","landing","Pick the faculty, the exams and the checks.","Выбираем факультет, экзамены и проверки.","","","dashboard-landing.json"
"dashboard.landing.pilot.plan.call.title","landing","30-minute call","Звонок на 30 минут","","","dashboard-landing.json"
"dashboard.landing.pilot.plan.examWeek.body","landing","Your proctors run the exams. We’re on call during every one.","Ваши прокторы проводят экзамены. Мы на связи во время каждого.","","","dashboard-landing.json"
"dashboard.landing.pilot.plan.examWeek.title","landing","Exam week","Экзаменационная неделя","","","dashboard-landing.json"
"dashboard.landing.pilot.plan.report.body","landing","Integrity reports and a one-page pilot summary for the dean.","Отчёты о честности и итог пилота на одной странице для декана.","","","dashboard-landing.json"
"dashboard.landing.pilot.plan.report.title","landing","Report","Отчёт","","","dashboard-landing.json"
"dashboard.landing.pilot.plan.setup.body","landing","Roster import, proctor accounts and a test exam with 10 students.","Загрузка списка, аккаунты прокторов и тестовый экзамен на 10 студентов.","","","dashboard-landing.json"
"dashboard.landing.pilot.plan.setup.title","landing","Setup","Настройка","","","dashboard-landing.json"
"dashboard.landing.pilot.plan.title","landing","What the pilot looks like","Как проходит пилот","","","dashboard-landing.json"
"dashboard.landing.pilot.plan.week","landing","Week {n}","Неделя {n}","","","dashboard-landing.json"
"dashboard.landing.pilot.sent.back","landing","Back to the site","Вернуться на сайт","","","dashboard-landing.json"
"dashboard.landing.pilot.sent.body","landing","We’ll write to {email} within 2 working days to set up the 30-minute call.","Мы напишем на {email} в течение 2 рабочих дней, чтобы договориться о 30-минутном звонке.","","","dashboard-landing.json"
"dashboard.landing.pilot.sent.calendar","landing","Add Demo Day to calendar","Добавить Demo Day в календарь","","","dashboard-landing.json"
"dashboard.landing.pilot.sent.calendarPlace","landing","Qostanai Hub, Kostanay","Qostanai Hub, Костанай","","","dashboard-landing.json"
"dashboard.landing.pilot.sent.calendarTitle","landing","Üki · Demo Day","Üki · Demo Day","","","dashboard-landing.json"
"dashboard.landing.pilot.sent.overline","landing","Demo Day · 16 October 2026 · Qostanai Hub","Demo Day · 16 октября 2026 · Qostanai Hub","","","dashboard-landing.json"
"dashboard.landing.pilot.sent.request","landing","Request","Заявка","","","dashboard-landing.json"
"dashboard.landing.pilot.sent.students","landing","Students in one exam","Студентов на одном экзамене","","","dashboard-landing.json"
"dashboard.landing.pilot.sent.title","landing","Request sent.","Заявка отправлена.","","","dashboard-landing.json"
"dashboard.landing.pilot.sent.university","landing","University","Университет","","","dashboard-landing.json"
"dashboard.landing.pilot.sent.when","landing","When","Когда","","","dashboard-landing.json"
"dashboard.landing.pilot.title","landing","One faculty. One exam week.","Один факультет. Одна экзаменационная неделя.","","","dashboard-landing.json"
"dashboard.landing.privacy.audio.caption","landing","Never recorded","Никогда не записывается","","","dashboard-landing.json"
"dashboard.landing.privacy.audio.title","landing","Audio","Звук","","","dashboard-landing.json"
"dashboard.landing.privacy.big","landing","0 MB","0 МБ","","","dashboard-landing.json"
"dashboard.landing.privacy.body","landing","Üki checks every frame on the student’s device. The server gets events and a few flagged frames, stored in Kazakhstan and deleted after 90 days.","Üki проверяет каждый кадр на устройстве студента. Сервер получает события и несколько отмеченных кадров; они хранятся в Казахстане и удаляются через 90 дней.","","","dashboard-landing.json"
"dashboard.landing.privacy.frames.caption","landing","90 days, then deleted","90 дней, затем удаляются","","","dashboard-landing.json"
"dashboard.landing.privacy.frames.title","landing","Flagged frames","Отмеченные кадры","","","dashboard-landing.json"
"dashboard.landing.privacy.link","landing","Read the data map","Карта данных","","","dashboard-landing.json"
"dashboard.landing.privacy.overline","landing","Privacy by design","Приватность по умолчанию","","","dashboard-landing.json"
"dashboard.landing.privacy.title","landing","of video leaves the laptop.","видео покидает ноутбук.","","","dashboard-landing.json"
"dashboard.landing.privacy.video.caption","landing","Stays on the laptop","Остаётся на ноутбуке","","","dashboard-landing.json"
"dashboard.landing.privacy.video.title","landing","Webcam video","Видео с камеры","","","dashboard-landing.json"
"dashboard.landing.privacyPolicy.access.li1","landing","Proctors, for the groups they supervise.","Прокторы — по группам, которые они ведут.","","","dashboard-landing.json"
"dashboard.landing.privacyPolicy.access.li2","landing","The exam office, for its faculty.","Экзаменационный отдел — по своему факультету.","","","dashboard-landing.json"
"dashboard.landing.privacyPolicy.access.li3","landing","An exam committee, through a read-only link the exam office shares.","Экзаменационная комиссия — по ссылке только для чтения от экзаменационного отдела.","","","dashboard-landing.json"
"dashboard.landing.privacyPolicy.access.li4","landing","Üki support staff, only to fix a problem you reported. Each view is logged.","Поддержка Üki — только чтобы исправить проблему, о которой вы сообщили. Каждый просмотр записывается.","","","dashboard-landing.json"
"dashboard.landing.privacyPolicy.access.title","landing","Who can see it","Кто их видит","","","dashboard-landing.json"
"dashboard.landing.privacyPolicy.changes.p1","landing","Üki announces changes 30 days ahead, in the app and by email. Questions: privacy@uki.test · Üki, Kostanay, Kazakhstan.","Üki сообщает об изменениях за 30 дней — в приложении и по почте. Вопросы: privacy@uki.test · Üki, Костанай, Казахстан.","","","dashboard-landing.json"
"dashboard.landing.privacyPolicy.changes.title","landing","Changes and contact","Изменения и контакты","","","dashboard-landing.json"
"dashboard.landing.privacyPolicy.collect.li1","landing","Name, student ID and email, from your university’s roster.","Имя, студенческий номер и почту из списка вашего университета.","","","dashboard-landing.json"
"dashboard.landing.privacyPolicy.collect.li2","landing","Exam events: what happened and when, like “looked away, 2.3 s, 10:43”.","События экзамена: что и когда произошло, например «отвёл взгляд, 2,3 с, 10:43».","","","dashboard-landing.json"
"dashboard.landing.privacyPolicy.collect.li3","landing","Flagged frames: single still images taken at the moment of a flag.","Отмеченные кадры: отдельные снимки в момент отметки.","","","dashboard-landing.json"
"dashboard.landing.privacyPolicy.collect.li4","landing","The identity check result: matched, or needs help.","Результат проверки личности: совпало или нужна помощь.","","","dashboard-landing.json"
"dashboard.landing.privacyPolicy.collect.li5","landing","Laptop details: operating system, Üki version and system check results.","Данные ноутбука: операционная система, версия Üki и результаты проверки системы.","","","dashboard-landing.json"
"dashboard.landing.privacyPolicy.collect.p1","landing","For students:","О студентах:","","","dashboard-landing.json"
"dashboard.landing.privacyPolicy.collect.p2","landing","For staff: name, email, role and actions in the dashboard. The audit log records them.","О сотрудниках: имя, почту, роль и действия в панели. Их записывает журнал аудита.","","","dashboard-landing.json"
"dashboard.landing.privacyPolicy.collect.title","landing","What we collect","Что мы собираем","","","dashboard-landing.json"
"dashboard.landing.privacyPolicy.retention.li1","landing","Flagged frames and events: 90 days, then deleted.","Отмеченные кадры и события: 90 дней, затем удаляются.","","","dashboard-landing.json"
"dashboard.landing.privacyPolicy.retention.li2","landing","Integrity reports: 1 year, or longer while an appeal is open.","Отчёты о честности: 1 год или дольше, пока идёт апелляция.","","","dashboard-landing.json"
"dashboard.landing.privacyPolicy.retention.li3","landing","Staff accounts: until the university closes them.","Аккаунты сотрудников: пока университет их не закроет.","","","dashboard-landing.json"
"dashboard.landing.privacyPolicy.retention.title","landing","How long we keep it","Сколько мы храним","","","dashboard-landing.json"
"dashboard.landing.privacyPolicy.rights.p1","landing","You can ask for a copy of your data, a correction or deletion. Use the Privacy centre through your exam office, or write to privacy@uki.test. Each request gets a due date and a record. You can also complain to the authorised body for personal data protection in Kazakhstan.","Вы можете запросить копию своих данных, исправление или удаление. Обратитесь в центр приватности через экзаменационный отдел или напишите на privacy@uki.test. У каждого запроса есть срок и запись. Вы также можете пожаловаться в уполномоченный орган по защите персональных данных Казахстана.","","","dashboard-landing.json"
"dashboard.landing.privacyPolicy.rights.title","landing","Your rights","Ваши права","","","dashboard-landing.json"
"dashboard.landing.privacyPolicy.short1","landing","Video and audio stay on your laptop. Üki never uploads them.","Видео и звук остаются на вашем ноутбуке. Üki никогда их не загружает.","","","dashboard-landing.json"
"dashboard.landing.privacyPolicy.short2","landing","Üki keeps events and a few flagged frames for 90 days, in Kazakhstan.","Üki хранит события и несколько отмеченных кадров 90 дней, в Казахстане.","","","dashboard-landing.json"
"dashboard.landing.privacyPolicy.short3","landing","Your university decides how exams run. Üki processes data for it.","Как проходят экзамены, решает ваш университет. Üki обрабатывает данные по его поручению.","","","dashboard-landing.json"
"dashboard.landing.privacyPolicy.short4","landing","Ask for a copy or deletion at any time.","Запросить копию или удаление можно в любое время.","","","dashboard-landing.json"
"dashboard.landing.privacyPolicy.staysOnLaptop.li1","landing","Webcam video. Üki checks it frame by frame on your laptop and never uploads it.","Видео с камеры. Üki проверяет его кадр за кадром на вашем ноутбуке и никогда не загружает.","","","dashboard-landing.json"
"dashboard.landing.privacyPolicy.staysOnLaptop.li2","landing","Audio. Üki never records it.","Звук. Üki никогда его не записывает.","","","dashboard-landing.json"
"dashboard.landing.privacyPolicy.staysOnLaptop.li3","landing","The photo of your student card and your face. Üki compares them on your laptop and deletes them after the check.","Фото студенческого билета и вашего лица. Üki сравнивает их на ноутбуке и удаляет после проверки.","","","dashboard-landing.json"
"dashboard.landing.privacyPolicy.staysOnLaptop.title","landing","What stays on your laptop","Что остаётся на вашем ноутбуке","","","dashboard-landing.json"
"dashboard.landing.privacyPolicy.storage.p1","landing","On servers in Kazakhstan. Üki doesn’t transfer exam data abroad.","На серверах в Казахстане. Üki не передаёт данные экзаменов за границу.","","","dashboard-landing.json"
"dashboard.landing.privacyPolicy.storage.title","landing","Where it is stored","Где хранятся данные","","","dashboard-landing.json"
"dashboard.landing.privacyPolicy.title","landing","Privacy policy","Политика конфиденциальности","","","dashboard-landing.json"
"dashboard.landing.privacyPolicy.whoWeAre.p1","landing","Üki is an online proctoring service for university exams, made by the Üki team in Kostanay, Kazakhstan. When your university runs an exam with Üki, the university decides how your data is used, and Üki processes it on the university’s behalf.","Üki — сервис онлайн-прокторинга для университетских экзаменов, его делает команда Üki в Костанае, Казахстан. Когда ваш университет проводит экзамен с Üki, университет решает, как используются ваши данные, а Üki обрабатывает их по его поручению.","","","dashboard-landing.json"
"dashboard.landing.privacyPolicy.whoWeAre.title","landing","Who we are","Кто мы","","","dashboard-landing.json"
"dashboard.landing.privacyPolicy.why.li1","landing","To run the exam your university set up.","Чтобы провести экзамен, который настроил ваш университет.","","","dashboard-landing.json"
"dashboard.landing.privacyPolicy.why.li2","landing","To show proctors the moments that need a decision.","Чтобы показать прокторам моменты, по которым нужно решение.","","","dashboard-landing.json"
"dashboard.landing.privacyPolicy.why.li3","landing","To produce integrity reports that a person signs off.","Чтобы готовить отчёты о честности, которые подписывает человек.","","","dashboard-landing.json"
"dashboard.landing.privacyPolicy.why.li4","landing","To keep the service secure and fix problems.","Чтобы сервис был защищён и чтобы исправлять проблемы.","","","dashboard-landing.json"
"dashboard.landing.privacyPolicy.why.p1","landing","Üki doesn’t sell data.","Üki не продаёт данные.","","","dashboard-landing.json"
"dashboard.landing.privacyPolicy.why.title","landing","Why we use it","Зачем мы это используем","","","dashboard-landing.json"
"dashboard.landing.proof.checks.caption","landing","checks: browser, gaze, phone, ID","проверки: браузер, взгляд, телефон, документ","","","dashboard-landing.json"
"dashboard.landing.proof.checks.value","landing","4","4","","","dashboard-landing.json"
"dashboard.landing.proof.languages.caption","landing","languages: ҚАЗ, РУС, ENG","языка: ҚАЗ, РУС, ENG","","","dashboard-landing.json"
"dashboard.landing.proof.languages.value","landing","3","3","","","dashboard-landing.json"
"dashboard.landing.proof.report.caption","landing","report per student, moments only","отчёт на студента, только моменты","","","dashboard-landing.json"
"dashboard.landing.proof.report.value","landing","1","1","","","dashboard-landing.json"
"dashboard.landing.proof.video.caption","landing","video uploaded, ever","видео загружено, никогда","","","dashboard-landing.json"
"dashboard.landing.proof.video.value","landing","0 MB","0 МБ","","","dashboard-landing.json"
"dashboard.landing.termsOfUse.accounts.li1","landing","Staff accounts start from an invitation by the exam office.","Аккаунты сотрудников создаются по приглашению экзаменационного отдела.","","","dashboard-landing.json"
"dashboard.landing.termsOfUse.accounts.li2","landing","Students join an exam with a code and their student ID. No account needed.","Студенты входят на экзамен по коду и студенческому номеру. Аккаунт не нужен.","","","dashboard-landing.json"
"dashboard.landing.termsOfUse.accounts.li3","landing","Keep your password to yourself. Tell your exam office if someone else used it.","Никому не сообщайте пароль. Если им воспользовался кто-то другой, сообщите в экзаменационный отдел.","","","dashboard-landing.json"
"dashboard.landing.termsOfUse.accounts.title","landing","Accounts","Аккаунты","","","dashboard-landing.json"
"dashboard.landing.termsOfUse.audience.p1","landing","Students, proctors and exam office staff at universities that use Üki. If anything here differs from the agreement between your university and Üki, the agreement wins.","Для студентов, прокторов и сотрудников экзаменационных отделов университетов, которые используют Üki. Если что-то здесь расходится с договором между вашим университетом и Üki, действует договор.","","","dashboard-landing.json"
"dashboard.landing.termsOfUse.audience.title","landing","Who these terms are for","Для кого эти условия","","","dashboard-landing.json"
"dashboard.landing.termsOfUse.availability.p1","landing","During the pilot, the Üki team is on call for every scheduled exam. If Üki stops during an exam, answers saved on the laptop are kept and the exam office decides what happens next.","Во время пилота команда Üki на связи на каждом запланированном экзамене. Если Üki остановится во время экзамена, ответы, сохранённые на ноутбуке, сохраняются, а что делать дальше, решает экзаменационный отдел.","","","dashboard-landing.json"
"dashboard.landing.termsOfUse.availability.title","landing","Availability","Доступность","","","dashboard-landing.json"
"dashboard.landing.termsOfUse.data.p1","landing","The Privacy policy explains what Üki collects, where it’s stored and for how long.","Политика конфиденциальности объясняет, что собирает Üki, где и сколько это хранится.","","","dashboard-landing.json"
"dashboard.landing.termsOfUse.data.title","landing","Data","Данные","","","dashboard-landing.json"
"dashboard.landing.termsOfUse.ending.p1","landing","Your university can close accounts at any time. Data is then deleted on the schedule in the Privacy policy.","Ваш университет может закрыть аккаунты в любое время. Затем данные удаляются по графику из политики конфиденциальности.","","","dashboard-landing.json"
"dashboard.landing.termsOfUse.ending.title","landing","Ending use","Прекращение использования","","","dashboard-landing.json"
"dashboard.landing.termsOfUse.exam.li1","landing","Install Üki and Üki Lock on the laptop you write on.","Установите Üki и Üki Lock на ноутбук, на котором пишете.","","","dashboard-landing.json"
"dashboard.landing.termsOfUse.exam.li2","landing","Run the system check before exam day.","Пройдите проверку системы до дня экзамена.","","","dashboard-landing.json"
"dashboard.landing.termsOfUse.exam.li3","landing","Follow the rules your university set for the exam. Üki shows them before the start.","Соблюдайте правила, которые университет установил для экзамена. Üki показывает их перед началом.","","","dashboard-landing.json"
"dashboard.landing.termsOfUse.exam.title","landing","Using Üki in an exam","Üki на экзамене","","","dashboard-landing.json"
"dashboard.landing.termsOfUse.flags.p1","landing","Üki marks moments, like a phone in the frame. It doesn’t decide what they mean. A proctor reviews each flag, and the report records the decision and who made it. Students can ask the exam office to look at a decision again.","Üki отмечает моменты, например телефон в кадре. Что они значат, Üki не решает. Проктор проверяет каждую отметку, а отчёт записывает решение и того, кто его принял. Студенты могут попросить экзаменационный отдел пересмотреть решение.","","","dashboard-landing.json"
"dashboard.landing.termsOfUse.flags.title","landing","Flags and decisions","Отметки и решения","","","dashboard-landing.json"
"dashboard.landing.termsOfUse.law.p1","landing","These terms follow the law of the Republic of Kazakhstan. Questions: legal@uki.test · Üki, Kostanay, Kazakhstan.","Эти условия регулируются законодательством Республики Казахстан. Вопросы: legal@uki.test · Üki, Костанай, Казахстан.","","","dashboard-landing.json"
"dashboard.landing.termsOfUse.law.title","landing","Law and contact","Право и контакты","","","dashboard-landing.json"
"dashboard.landing.termsOfUse.liability.p1","landing","Üki’s responsibility is set in the agreement with your university. Nothing here limits rights you have under the law of the Republic of Kazakhstan.","Ответственность Üki определяется договором с вашим университетом. Ничто здесь не ограничивает ваши права по законодательству Республики Казахстан.","","","dashboard-landing.json"
"dashboard.landing.termsOfUse.liability.title","landing","Liability","Ответственность","","","dashboard-landing.json"
"dashboard.landing.termsOfUse.mustNot.li1","landing","Get around Üki Lock, the camera checks or the timer.","Обходить Üki Lock, проверки камеры или таймер.","","","dashboard-landing.json"
"dashboard.landing.termsOfUse.mustNot.li2","landing","Change, copy or reverse-engineer the app.","Изменять, копировать или декомпилировать приложение.","","","dashboard-landing.json"
"dashboard.landing.termsOfUse.mustNot.li3","landing","Use Üki to watch anyone outside an exam.","Использовать Üki, чтобы наблюдать за кем-либо вне экзамена.","","","dashboard-landing.json"
"dashboard.landing.termsOfUse.mustNot.li4","landing","Share exam content your university marked as confidential.","Распространять материалы экзамена, которые университет отметил как конфиденциальные.","","","dashboard-landing.json"
"dashboard.landing.termsOfUse.mustNot.title","landing","What you must not do","Чего делать нельзя","","","dashboard-landing.json"
"dashboard.landing.termsOfUse.short1","landing","Your university signs the agreement with Üki. These terms cover how people use Üki.","Договор с Üki подписывает ваш университет. Эти условия описывают, как люди пользуются Üki.","","","dashboard-landing.json"
"dashboard.landing.termsOfUse.short2","landing","Use Üki only for exams your university set up.","Используйте Üki только для экзаменов, которые настроил ваш университет.","","","dashboard-landing.json"
"dashboard.landing.termsOfUse.short3","landing","A flag isn’t a verdict. People decide, and the report shows who.","Отметка — не приговор. Решают люди, а отчёт показывает, кто именно.","","","dashboard-landing.json"
"dashboard.landing.termsOfUse.short4","landing","Don’t try to get around the lock or change the app.","Не пытайтесь обойти блокировку или изменить приложение.","","","dashboard-landing.json"
"dashboard.landing.termsOfUse.title","landing","Terms of use","Условия использования","","","dashboard-landing.json"
"dashboard.landing.universities.body","landing","Your rooms, your LMS, your languages. No new hardware.","Ваши аудитории, ваша LMS, ваши языки. Без нового оборудования.","","","dashboard-landing.json"
"dashboard.landing.universities.bookPilot","landing","Book a pilot","Заказать пилот","","","dashboard-landing.json"
"dashboard.landing.universities.bullet1","landing","Kazakh, Russian and English, everywhere","Казахский, русский и английский везде","","","dashboard-landing.json"
"dashboard.landing.universities.bullet2","landing","Data stays in Kazakhstan","Данные остаются в Казахстане","","","dashboard-landing.json"
"dashboard.landing.universities.bullet3","landing","Works with your LMS and the dean’s office roster","Работает с вашей LMS и списками деканата","","","dashboard-landing.json"
"dashboard.landing.universities.bullet4","landing","Pilot: one faculty, one exam week","Пилот: один факультет, одна экзаменационная неделя","","","dashboard-landing.json"
"dashboard.landing.universities.labAlt","landing","Students writing an exam on laptops in a university computer lab.","Студенты пишут экзамен на ноутбуках в компьютерном классе университета.","","","dashboard-landing.json"
"dashboard.landing.universities.lecturerAlt","landing","A lecturer reviewing exam results on a laptop.","Преподаватель просматривает результаты экзамена на ноутбуке.","","","dashboard-landing.json"
"dashboard.landing.universities.overline","landing","For Kazakh universities","Для университетов Казахстана","","","dashboard-landing.json"
"dashboard.landing.universities.tag","landing","Group 204 · 125 writing · 2 proctors","Группа 204 · 125 пишут · 2 проктора","","","dashboard-landing.json"
"dashboard.landing.universities.title","landing","Built for how your exams run.","Сделано под то, как проходят ваши экзамены.","","","dashboard-landing.json"
